L_id	headword	headword_slp1	source	source_slp1	source_class	is_root	source_gloss_de	deriv_marker	context
220	akta	akta	aj	aj	root	True		von	〉 Partic. von {#aj#} und {#aYj#}. — 2〉 f. {#A/#} .
222	akna	akna	ac	ac	root	True		Von	{#akna#}¦ Partic. Von {#ac#}.
436	agan	agan	gam	gam	root	True		von	Sg. Imperf. von {#gam#}.
797	agri	agri	agni	agni	root	True		von	ein zur Erklärung von {#agni#} erfundenes Wort ŚAT. BR. 2,2,4,2. 6,1,1,11.
1036	aṅgī	aNgI	aṅga	aNga	root	True		von	{#aNgI#}¦ (von 3. {#aNga#}) Adv. mit {#kara#} Act. mit Acc. — 1〉 . — 2〉
1617	atas	atas	a	a	root	True	dieser	von	sowohl in subst. als in Adj. (würde hier unbetont sein) Bed. Mit {#ekEka#} 32,3. {#BUyaM
2206	atṛṇat	atfRat	tard	tard	root	True		von	Sg. Imperf. von {#tard#}.
4350	anugraha	anugraha	au	O	root	True		von	
5581	annāda	annAda	annādī/	annAdI/	stem/word	False		Von	{#annAdi/tamA#} Adj. f.  als Bez. .
6248	apaviddha	apavidDa	vyadh	vyaD	root	True		von	#apavidDa#}¦ Partic. von {#vyaD#} mit {#apa#}.
6401	apātta	apAtta	dā	dA	root	True		von	{#apAtta#}¦ Partic. von {#dA#}, {#dadAti#} mit {#apA#}.
6634	apoḍha	apoQa	vah	vah	root	True		von	{#apoQa#}¦ Partic. von {#vah#} mit {#apa#}.
6653	aptu	aptu	pat	pat	root	True		von	{#aptu/#}¦ ({#a#} + {#ptu#} von {#pat#}) — 1〉 Adj.  MAITR. S. 3,9,1. — 2〉 m. .
7313	abhicārya	aBicArya	car	car	root	True		von	s. von {#car#} mit {#aBi#}.
7939	abhyānta	aByAnta	am	am	root	True		von	s. von {#am#} mit {#aBi#}.
8057	abhrya	aBrya	abhra	aBra	root	True		von	*{#aBrya#}¦ Adj. von {#aBra#}.
9249	arkatva	arkatva	arka	arka	root	True		von	m. abstr. von {#arka#} in unbest. Bed.
9301	arkīya	arkIya	arka	arka	root	True		von	*{#arkIya#}¦ Adj. von {#arka#}.
9541	arthāpay	arTApay	artha	arTa	root	True		von	#}¦ {#˚yati#} Denom. von {#arTa#}.
11320	avocat	avocat	vac	vac	root	True		von	am#}, {#˚cas#}¦ Aor. von {#vac#}.
12015	aṣṭa	azwa	akṣa	akza	root	True		von	〉 Partic. von {#akza#} (in 1. {#azwakarRa#}) und 1. {#aS#} — 2〉 am Ende eines adj. Comp. =
12183	as	as	ās	As	root	True		von	
12590	asi	asi	as	as	root	True		von	#as#}.
13337	āṃśa	AMSa	aṃśa	aMSa	root	True		von	. Patron. von {#aMSa#}.
13338	āṃśya	AMSya	aṃśa	aMSa	root	True		von	*{#AMSya#}¦ Adj. von {#aMSa#}.
13490	ākna	Akna	ac	ac	root	True		von	{#Akna#}¦ Partic. von {#ac#} mit {#A#}.
13521	ākṣāṇa	AkzARa	akṣ	akz	root	True		von	rtic. Perf. von {#akz#}.
13525	ākṣi	Akzi	aś	aS	root	True		von	d. von 1. {#aS#} TAITT. ĀR. 2,3,1.
13532	ākṣus	Akzus	aś	aS	root	True		von	te Pl. Aor. von 1. {#aS#}.
13733	āṅ	AN	ā	A	root	True		von	gramm. Bez. von 1. {#A#}.
13885	ājāyana	AjAyana	aja	aja	root	True		von	. Patron. von {#aja#}.
13939	ājya	Ajya	aja	aja	root	True		von	on {#aja#}.
13977	āṭa	Awa	aṭ	aw	root	True		von	#}. Auch {#Awaka#} (f. {#˚wikA#}). — 2〉 m. N. pr. eines Schlangendämons TĀṆḌYA-BR. 25,15,3
14045	ātata	Atata	tan	tan	root	True		von	{#Atata#}¦ Partic. von {#tan#} mit {#A#}.
14109	ātṛṇṇa	AtfRRa	tard	tard	root	True		von	{#AtfRRa#}¦ Partic. von {#tard#} mit {#A#}.
14130	āttha	AtTa	ah	ah	root	True		von	f. von {#ah#}.
14432	āditva	Aditva	ādi	Adi	root	True		von	m. abstr. von 1. {#Adi#} 1〉.
14506	āddhvam	AdDvam	ās	As	root	True		von	Pl. Imperf. von {#As#}.
14606	ānaṃśa	AnaMSa	aś	aS	root	True		von	e Sg. Perf. von 1. {#aS#}.
14612	ānaṭ	Anaw	aś	aS	root	True		von	te Sg. Aor. von 1. {#aS#}.
14618	ānata	Anata	nam	nam	root	True		von	{#Anata#}¦ Partic. von {#nam#} mit {#A#}.
14708	ānaśa	AnaSa	aś	aS	root	True		von	d {#AnaSyAm#}¦ Perfect-Formen von 1. {#aS#}.
14720	ānāśa	AnASa	aś	aS	root	True		von	e Sg. Perf. von 1. {#aS#}.
14805	ānta	Anta	am	am	root	True		von	{#Anta#}¦ Partic. von 1. {#am#}.
14919	āpātya	ApAtya	pat	pat	root	True		von	s. von {#pat#} mit {#A#}.
15055	ābhaṇḍana	ABaRqana	bhal	Bal	root	True		von	¦ n. als Bedeutung von {#Bal#}.
15086	ābhimukhya	ABimuKya	abhi	aBi	root	True		von	
15583	ārkāyaṇa	ArkAyaRa	arka	arka	root	True		von	on {#arka#}.
15585	ārkṣa	Arkza	ṛkṣa	fkza	root	True		von	
15587	ārkṣya	Arkzya	ṛkṣa	fkza	root	True		von	. Patron. von {#fkza#}.
15597	ārca	Arca	ṛc	fc	root	True		von	{#fc#}.
15602	ārcāyana	ArcAyana	ṛc	fc	root	True		von	. Metron. von {#fc#}.
15778	ārhāyaṇa	ArhAyaRa	arha	arha	root	True		von	. Patron. von {#arha#}.
16047	āvya	Avya	av	av	root	True		von	}¦ Absol. von {#av#}.
16298	āṣṭa	Azwa	aś	aS	root	True		von	r. von 1. {#aS#}.
16313	ās	As	as	as	root	True		von	1. {#as#} 19,18.
16379	āsāvya	AsAvya	su	su	root	True		von	s. von {#su#}, {#sunoti#} mid {#A#}.
16392	āsīna	AsIna	ās	As	root	True		von	tic. praes. von 2. {#As#}.
16511	āsse	Asse	ās	As	root	True		von	s. von 2. {#As#}.
16625	i	i	a	a	root	True		von	
16763	itas	itas	a	a	root	True		von	to janAt#} dass. — 2〉 in der Bed. des Loc. von 1. {#a#}. Auf den Sprechenden bezogen so v.
17210	iyeṣa	iyeza	iṣ	iz	root	True		von	f. von 3. {#iz#}.
17393	iṣṭvā	izwvA	yaj	yaj	root	True		von	{#izwvA/#}¦ Absol. von {#yaj#}.
17441	īkṣe	Ikze	īkṣ	Ikz	root	True		von	d. von {#Ikz#} und 2. Sg. Med. von {#IS#}.
17441	īkṣe	Ikze	īś	IS	root	True		von	
17449	ījāna	IjAna	yaj	yaj	root	True		von	rtic. Perf. von {#yaj#}.
17451	ījitum	Ijitum	yaj	yaj	root	True		von	
17457	īṇmant	IRmant	īś	IS	root	True		von	*{#IRmant#}¦ Adj. von 2. {#IS#}.
17467	īps	Ips	āp	Ap	root	True		von	}¦ {#Ipsati#} Desid. von {#Ap#}.
17475	īyivaṃs	IyivaMs	i	i	root	True		von	rtic. Perf. von 3. {#i#}.
17576	īṣathus	IzaTus	iṣ	iz	root	True		von	f. von 3. {#iz#}.
17599	īṣus	Izus	iṣ	iz	root	True		von	f. von 3. {#iz#}.
17621	uktavant	uktavant	vac	vac	root	True		von	rtic. Perf. von {#vac#}.
17626	uktvā	uktvA	vac	vac	root	True		von	{#uktvA#}¦ Absol. von {#vac#}.
17826	ucchiṣya	ucCizya	śiṣ	Siz	root	True		von	} mit {#ud#}.
17852	ucchrita	ucCrita	śri	Sri	root	True		von	{#ucCrita#}¦ Partic. von {#Sri#} mit {#ud#} *m.  RĀJAN. 12,38.
18888	udita	udita	i	i	root	True		von	tic. — 1〉 von {#i#} mit {#ud#}. — 2〉 von {#vad#}. — 3〉 nachlässige Schreibart für {#uddita
18888	udita	udita	vad	vad	root	True		von	on {#vad#}. — 3〉 nachlässige Schreibart für {#uddita#}.
18903	udīrṇa	udIrRa	īr	Ir	root	True		von	{#udIrRa#}¦ Partic. von {#Ir#} mit {#ud#}.
19261	unap	unap	ubh	uB	root	True		von	f. von {#uB#}.
19266	unna	unna	ud	ud	root	True		von	{#unna#}¦ Partic. von 2. {#ud#}.
19529	upaceya	upaceya	ci	ci	root	True		von	s. von {#ci#} mit {#upa#}. *{#˚pfqa#} MAHĀBH. 3,60,a. Vgl. {#upacAyya˚#}.
19595	upadātar	upadAtar	dī	dI	root	True		von	Nom. ag. von {#dI#} mit {#upa#} KĀŚ. zu P. 6,1,50.
19596	upadātavya	upadAtavya	dī	dI	root	True		von	s. von {#dI#} mit {#upa#} KĀŚ. zu P. 6,1,50.
19598	upadāna	upadAna	dī	dI	root	True		von	mit {#upa#}.
20398	upāsti	upAsti	ās	As	root	True		von	#upa#} als Bez.  ŚAṂK. zu BĀDAR. 4,1,1.
20404	upita	upita	vap	vap	root	True	säen	von	{#upita#}¦ Partic. von {#vap#} .
20425	upeyivaṃs	upeyivaMs	i	i	root	True		von	rtic. Perf. von 3. {#i#} mit {#upa#}.
20450	upta	upta	vap	vap	root	True	scheeren und	von	on {#vap#}  {#vapa#} . — 2〉 *n.  GAL.
20457	ubdha	ubDa	ubh	uB	root	True		von	{#ubDa/#}¦ Partic. von {#uB#}.
20766	ulya	ulya	ula	ula	root	True		von	*{#ulya#}¦ Adj. von {#ula#} gaṇa {#balAdi#}.
20980	ūta	Uta	av	av	root	True		von	tic. — 1〉 von {#av#}. — 2〉 von {#vA, vayati#}.
21262	ūhivaṃs	UhivaMs	vah	vah	root	True		von	h {#Uhus#})¦ Partic. von {#vah#}.
21756	ekatas	ekatas	eka	eka	root	True	ein und derselbe	von	on {#eka#} . — 2〉 . {#ekatas — ekatas#}, {#anyatas, apara˚#} (im Loc.) oder bloss {#vA#} .
21767	ekatra	ekatra	eka	eka	root	True	ein	von	on {#eka#} . — 2〉 . {#ekatra — aparatra#} . {#ekasyAM diSi — ekatra — kutrApi#} PAÑCAD. 53
22032	ekahārya	ekahArya	yuga	yuga	root	True	Zeitalter	von	
22214	eta	eta	i	i	root	True		von	¦ Partic. von 3. {#i#} mit {#A#}.
22236	etave	etave	i	i	root	True		von	¦ Dat. Inf. von 3. {#i#} ṚV.
22250	etos	etos	i	i	root	True		von	¦ Abl. Inf. von 3. {#i#} ṚV.
22260	edhi	eDi	as	as	root	True		von	r. von 1. {#as#}.
22262	ena	ena	a	a	root	True		von	}¦ Instr. von 1. {#a#} In der Bed.  17,16. Vgl. {#enA/#}.
22282	erire	erire	īr	Ir	root	True		von	f. von {#Ir#} mit {#A#}.
22361	eṣaka	ezaka	eṣa	eza	root	True		von	)¦ Demin. von 1. {#eza#}.
22431	aikāyana	EkAyana	eka	eka	root	True		von	. Patron. von {#eka#}.
22439	aikya	Ekya	eka	eka	root	True		von	on {#eka#}. — 2〉 n. — a〉 . — b〉 . — c〉 .
22531	aindhāyana	EnDAyana	indha	inDa	root	True		von	. Patron. von {#inDa#}.
22532	ainya	Enya	ina	ina	root	True		von	on {#ina#}. — 2〉 {#indrasyEnyO#} Name zweier Sāman ĀRṢ. BR.
22537	aiyes	Eyes	īṣ	Iz	root	True		von	r. von {#Iz#}.
22656	oḍha	oQa	vah	vah	root	True		von	{#o/Qa#}¦ Partic. von {#vah#} mit {#A#}.
22662	ota	ota	u	u	root	True		von	{#o/ta#}¦ Partic. von 3. {#u#} mit {#A#} und von {#vA, vayati#} mit {#A#}.
22686	opya	opya	vap	vap	root	True		von	{#o/pya#}¦ Absol. von {#vap#} mit {#A#}.
23028	aurasāyani	OrasAyani	uras	uras	root	True		von	. Patron. von {#uras#} und {#Orasa#}.
23059	aurva	Orva	urva	urva	root	True		von	on {#urva#}) verschiedener Ṛṣi 105,25. Pl. Bez. . *f. {#OrvI#}.
23300	kacika	kacika	kaca	kaca	root	True		von	*{#kacika#}¦ Adj. von {#kaca#}.
23451	kaṭīka	kawIka	kaṭī	kawI	root	True	Hüfte	von	nde eines adj. Comp. von {#kawI#} .
23863	kad	kad	ka	ka	root	True		von	— 4〉  BHĀG. P. — 5〉 *= {#suKa#}. — 6〉 am Anfange eines Comp. als Ausdruck der  oder . — 7〉
23929	kan	kan	cākan	cAkan	stem/word	False		Wurzel/Stamm	n.) . — 3〉  mit Acc. — Mit {#A#} Intens. — 1〉  (Loc.). — 2〉 . Vgl. {#kA#}.
24513	kambha	kamBa	kam	kam	root	True		von	*{#kamBa#}¦ Adj. von {#kam#}.
25356	kalakala	kalakala	rava	rava	root	True		von	
25909	kasa	kasa	kas	kas	root	True		von	*{#kasa#}¦ Adj. von 1. {#kas#}.
25935	kasmāt	kasmAt	ka	ka	root	True		von	{#ka/smAt#}¦ Abl. von 1. {#ka#} 31,11. Als Adv.
25936	kasvara	kasvara	kas	kas	root	True		von	*{#kasvara#}¦ Adj. von 1. {#kas#}.
26462	kāpeya	kApeya	kapi	kapi	root	True		von	
26470	kāpya	kApya	kapi	kapi	root	True		von	. Patron. von {#kapi#}.
26900	kārṇa	kArRa	karṇa	karRa	root	True		von	
26907	kārṇāyani	kArRAyani	karṇa	karRa	root	True		von	d *{#kArRi#}¦ Adj. von {#karRa#}.
26916	kārti	kArti	kṛta	kfta	root	True		von	. Patron. von {#kfta#} Pl. . [Page2-053-c] Vgl. u. {#kArta#} 2〉.
27233	kālala	kAlala	kāla	kAla	root	True		von	*{#kAlala#}¦ Adj. von {#kAla#}.
27409	kālila	kAlila	kāla	kAla	root	True		von	*{#kAlila#}¦ Adj. von {#kAla#}.
27513	kāś	kAS	kas	kas	root	True		von	
27545	kāśila	kASila	kāśa	kASa	root	True		von	*{#kASila#}¦ Adj. von {#kASa#}.
27556	kāśīya	kASIya	kāśa	kASa	root	True		von	〉 *Adj. von {#kASa#} und {#kASi#}. — 2〉 m. N. pr. eines Fürsten.
27669	kāsa	kAsa	kas	kas	root	True		von	1. *{#kAsa#}¦ von {#kas#} P. 3,1,140.
27870	kim	kim	ka	ka	root	True		von	a#}. — 2〉 Adv. — a〉  — b〉 blosses Fragewort, . In Doppelfragen an zweiter Stelle {#kim#} 1
28806	kumārava	kumArava	kumāra	kumAra	root	True		von	{#kumArava#}¦ Adj. von {#kumAra#}.
29183	kulara	kulara	kula	kula	root	True		von	*{#kulara#}¦ Adj. von {#kula#}.
29664	kū	kU	as	as	root	True		von	Mit {#cid#}  9,87,8.
29683	kūjya	kUjya	kūj	kUj	root	True		von	s. von {#kUj#}.
29771	kūpika	kUpika	kūpa	kUpa	root	True		von	*{#kUpika#}¦ Adj. von {#kUpa#}.
29772	kūpita	kUpita	kūpa	kUpa	root	True	Pore	von	{#kUpita#}¦ (von {#kUpa#} ) so v. a.  BHAG. 3,16,15, v. l.
30646	kena	kena	ka	ka	root	True		von	{#ke/na#}¦ Instr. von 1. {#ka#} — 1〉  u. s. w. — 2〉  29,7. 40,2. — 3〉
30889	kaitāyana	kEtAyana	kita	kita	root	True		von	. Patron. von {#kita#}.
31219	koṣaṇa	kozaRa	kuṣ	kuz	root	True		von	} — 2〉 {#I#} in {#jIva˚#}.
31301	kauṭāyana	kOwAyana	kuṭa	kuwa	root	True		von	. Patron. von {#kuwa#}.
31309	kauṭīya	kOwIya	kūṭa	kUwa	root	True		von	*{#kOwIya#}¦ Adj. von {#kUwa#}.
31315	kauṭya	kOwya	kūṭa	kUwa	root	True		von	. — 2〉 f. {#A#} f. zu {#kOwi#}.
31316	kauṭya	kOwya	kūṭa	kUwa	root	True		von	}¦ Adj. von {#kUwa#}.
31418	kaumārāyaṇa	kOmArAyaRa	kumāra	kumAra	root	True		von	. Patron. von {#kumAra#}.
31475	kaulaka	kOlaka	kūla	kUla	root	True		von	*{#kOlaka#}¦ Adj. von {#kUla#}.
31541	kauśika	kOSika	kuśa	kuSa	root	True		von	}¦ Adj. von {#kuSa#} 3〉a〉.
31621	knasa	knasa	knas	knas	root	True		von	*{#knasa#}¦ Adj. von {#knas#}.
31689	kran	kran	krand	krand	root	True		von	te Sg. Aor. von {#krand#}.
31756	kramitar	kramitar	kram	kram	root	True		von	kramitar#}¦ Nom. ag. von {#kram#}.
31808	krātha	krATa	kratha	kraTa	root	True		von	N. pr. — a〉 eines Fürsten. — b〉 eines Sohnes des Dhṛtarāṣṭra. — c〉 eines Wesens im Gefolge
31812	krānta	krAnta	kram	kram	root	True		von	on {#kram#}. — 2〉 *m. — a〉 . — b〉  (astron.). — 3〉 f. {#A#} — a〉 *. — b〉 . — 4〉 n. — a〉 .
32160	kva	kva	ka	ka	root	True		von	on 1. {#ka#} 131,26. — 2〉  in directer und in indirecter Frage. Die nachfolgenden Partikel
32160	kva	kva	ca	ca	root	True		von	
32188	kśā	kSA	khyā	KyA	root	True		von	{#kSA#}¦, {#kSAti#} Nebenform von {#KyA#} in MAITR. S. und KĀṬH.
32389	kṣar	kzar	plakṣa	plakza	root	True		von	
32394	kṣaradhyai	kzaraDyE	kṣar	kzar	root	True		von	¦ Dat. Inf. von {#kzar#}.
32398	kṣarya	kzarya	kṣara	kzara	root	True		von	*{#kzarya#}¦ Adj. von {#kzara#}.
32407	kṣā	kzA	kṣam	kzam	root	True	Erdboden, die Erde	von	on {#kzam#} .
32540	kṣipa	kzipa	kṣip	kzip	root	True		von	l.). — b〉 *Nom. act. von 1. {#kzip#}. — c〉 *fehlerhaft für {#kzapA#} .
32720	kṣuṇa	kzuRa	kṣud	kzud	root	True		von	{#kzuRa#}¦ Partic. von {#kzud#}.
32984	kṣepay	kzepay	kṣi	kzi	root	True		von	#}¦, {#˚yati#} Caus. von 1. {#kzi#} und 1. {#kzip#}.
33086	kṣodita	kzodita	kṣud	kzud	root	True		von	#}. — 2〉 *n. .
33145	kṣmāyitar	kzmAyitar	kṣmāy	kzmAy	root	True		von	zmAyitar#}¦ Nom. ag. von {#kzmAy#}.
33261	khaṭya	Kawya	khaṭa	Kawa	root	True		von	*{#Kawya#}¦ Adj. von {#Kawa#} gaṇa {#gavAdi#} in der KĀŚ.
33288	khaḍavant	Kaqavant	khaḍa	Kaqa	root	True		von	{#Kaqavant#}¦ Adj. von {#Kaqa#}.
33697	khāḍāyana	KAqAyana	khaḍa	Kaqa	root	True		von	. Patron. von {#Kaqa#}.
33733	khād	KAd	khid	Kid	root	True		von	auch Perf. von {#Kid#} sein) — 1〉 . — 2〉 . — Caus. {#KAdayati#} — 1〉  (instr.) GAUT. HEMĀ
33924	khailāyana	KElAyana	khila	Kila	root	True		von	{#KElAyana#}¦ Adj. von {#Kila#}.
34068	gajatā	gajatA	gaja	gaja	root	True	Elephant	von	on {#gaja#} . — 2〉 *.
34070	gajatva	gajatva	gaja	gaja	root	True	Elephant	von	m. abstr. von {#gaja#} .
34407	gatvāya	gatvAya	gam	gam	root	True		von	d {#gatvI/#}¦ Absol. von {#gam#}.
34461	gantave	gantave	gam	gam	root	True		von	¦ Dat. Inf. von {#gam#}.
34681	gamadhyai	gamaDyE	gam	gam	root	True		von	¦ Dat. Inf. von {#gam#} (abhängig von {#vaS#}) 3,11.
34681	gamadhyai	gamaDyE	vaś	vaS	root	True		von	} (abhängig von {#vaS#}) 3,11.
34817	garjya	garjya	garj	garj	root	True		von	s. von {#garj#}.
35154	gahīya	gahIya	gaha	gaha	root	True		von	*{#gahIya#}¦ Adj. von {#gaha#}.
35199	gāṇāyanya	gARAyanya	gaṇa	gaRa	root	True		von	. Patron. von {#gaRa#}.
35259	gādi	gAdi	gada	gada	root	True		von	. Patron. von {#gada#}.
35382	gārhapatya	gArhapatya	agni	agni	root	True	das Feuer des Hausherrn	von	{#agni#}  (eines der drei heiligen Feuer). — 2〉 m. oder n. . — 3〉 m. Pl. . — 4〉 n. .
35408	gāveṣa	gAveza	gaveṣa	gaveza	root	True		von	*{#gAveza#}¦ Adj. von {#gaveza#}.
35649	guḍara	guqara	guḍa	guqa	root	True		von	*{#guqara#}¦ Adj. von {#guqa#}.
35842	gudara	gudara	guda	guda	root	True		von	*{#gudara#}¦ Adj. von {#guda#}.
36045	guhara	guhara	guha	guha	root	True		von	*{#guhara#}¦ Adj. von {#guha#}.
37254	gdha	gDa	ghas	Gas	root	True		von	s. von {#Gas#} in {#agDA/d#}.
37255	gdhi	gDi	ghas	Gas	root	True		von	von {#Gas#} in {#sa/gDi#}.
37578	grāham	grAham	grah	grah	root	True		von	{#grAham#} Absol. von {#grah#}, *{#keSezu#} oder *{#keSErgrAham#}¦  P. 3,4,50, Sch. *{#
37640	glepana	glepana	mad	mad	root	True		von	d#} DHĀTUP.
38180	ca	ca	ca	ca	root	True		von	
38198	caknasa	caknasa	knas	knas	root	True		von	#caknasa#}¦ Nom. ag. von {#knas#}.
39301	caritos	caritos	car	car	root	True		von	¦ Gen. Inf. von {#car#} AIT. ĀR. 2,1.
39498	cākhāyitar	cAKAyitar	khan	Kan	root	True		von	vom Intens. von {#Kan#}.
39658	cāya	cAya	caya	caya	root	True		von	*{#cAya#}¦ Adj. von {#caya#}.
39659	cāyaka	cAyaka	ci	ci	root	True		von	*{#cAyaka#}¦ Adj. von {#ci#}.
39660	cāyanīya	cAyanIya	citra	citra	root	True		von	ng von {#citra#}.
39661	cāyamāna	cAyamAna	cāy	cAy	root	True		von	¦ Partic. von {#cAy#}.
39801	cikitāna	cikitAna	cit	cit	root	True		von	on 4. {#cit#} — 2〉 *m. N. pr. eines Mannes.
39808	cikits	cikits	cit	cit	root	True		von	{#cikits#}¦ Desid. von 4. {#cit#}.
39961	citya	citya	agni	agni	root	True		von	. w.). — b〉 *. — 3〉 *n. .
40383	cīrṇa	cIrRa	car	car	root	True		von	. (neben {#carita#}) von {#car#}.
40388	cīrtvā	cIrtvA	car	car	root	True		von	(neben {#caritvA#}) von {#car#}.
40484	culya	culya	cula	cula	root	True		von	*{#culya#}¦ Adj. von {#cula#}.
40557	cūrti	cUrti	car	car	root	True		von	von {#car#}.
40646	ceṣṭita	cezwita	ceṣṭ	cezw	root	True		von	on {#cezw#}. — 2〉 n. (adj. Comp. f. {#A#} BHĀR. NĀṬYAŚ. 34,118) — a〉  (eines Gliedes, Körp
40695	caitrāyaṇa	cEtrAyaRa	citra	citra	root	True		von	on {#citra#}. Auch Pl. — 2〉 *N. pr. einer Oertlichkeit.
40773	caupāyana	cOpAyana	cupa	cupa	root	True		von	. Patron. von {#cupa#}.
40822	cyuta	cyuta	cyu	cyu	root	True		von	¦ Partic. von 1. {#cyu#}.
40833	cyota	cyota	cyut	cyut	root	True		von	von 2. {#cyut#}.
41116	chitti	Citti	chid	Cid	root	True		von	id#} — 2〉 .
41315	jagdhvāya	jagDvAya	jakṣ	jakz	root	True		von	#jagDvA/ya#}¦ Absol. von 1. {#jakz#} 20,8.
41373	jajñāna	jajYAna	jñā	jYA	root	True		von	}. — 2〉 m. N. pr. eines Mannes ĀRṢ. BR.
41490	janakīya	janakIya	jana	jana	root	True		von	{#janakIya#}¦ Adj. von 1. {#jana#}.
41571	janitos	janitos	jan	jan	root	True		von	f. von {#jan#} ṚV. 4,6,7. AIT. BR. 1,25. 2,7. ŚAT. BR. 3,2,1,31.
41576	janitvī	janitvI	jan	jan	root	True		von	{#janitvI/#}¦ Absol. von {#jan#} ṚV. 10,65,7.
41696	jabdhar	jabDar	jabh	jaB	root	True		von	{#jabDar#}¦ Nom. ag. von {#jaB#}.
41860	jayāyya	jayAyya	ji	ji	root	True		von	*{#jayAyya#}¦ Adj. von 1. {#ji#}.
42417	jāḍāra	jAqAra	jaḍa	jaqa	root	True		von	*{#jAqAra#}¦ von {#jaqa#}.
42454	jātāyana	jAtAyana	jāta	jAta	root	True		von	. Patron. von {#jAta#}. Pl. .
42542	jānāyana	jAnAyana	jana	jana	root	True		von	. Patron. von {#jana#}.
42599	jāmba	jAmba	jamba	jamba	root	True		von	*{#jAmba#}¦ von {#jamba#}.
42621	jāmbha	jAmBa	jambha	jamBa	root	True		von	. Patron. von {#jamBa#}.
42723	jāvāyani	jAvAyani	java	java	root	True		von	*{#jAvAyani#}¦ von {#java#}.
43161	juṣāṇa	juzARa	juṣ	juz	root	True		von	
43168	juṣya	juzya	juṣ	juz	root	True		von	s. von 1. {#juz#}.
43188	jūr	jUr	jvar	jvar	root	True		von	on {#jvar#}.
43190	jūrṇa	jUrRa	jvar	jvar	root	True		von	.
43268	jaivi	jEvi	jīva	jIva	root	True		von	*{#jEvi#}¦ von {#jIva#}.
43269	jaiveya	jEveya	jīva	jIva	root	True		von	. Patron. von {#jIva#}.
44035	taka	taka	ta	ta	root	True		von	{#taka/#}¦ Demin. von 1. {#ta#} 1〉.
44045	takya	takya	tak	tak	root	True		von	s. von {#tak#}.
44073	takṣitar	takzitar	takṣ	takz	root	True		von	takzitar#}¦ Nom. ag. von 1. {#takz#}.
44161	tat	tat	tan	tan	root	True		von	*{#˚tat#}¦ Adj. von 1. {#tan#}.
44171	tatas	tatas	ta	ta	root	True		von	gt auf dem  irgend ein Nachdruck, so wird dieses durch {#a/gre, puras, pUrvam, praTamam#}
44252	tatra	tatra	ta	ta	root	True		von	1. {#ta#} 1〉 in allen Zahlen und Geschlechtern. — 2〉 . — 3〉 . — 4〉 . {#tatra mAsaH#} so v
44298	tad	tad	ta	ta	root	True		von	ls Thema am Anfange eines Comp. — 2〉 Adv. — a〉 . In Correlation mit {#ya/tra yadi#} und {#
44689	tamam	tamam	tam	tam	root	True		von	*{#tamam#}¦ Absol. von {#tam#} P. 6,4,93.
44711	tamin	tamin	tam	tam	root	True		von	*{#tamin#}¦ Adj. von {#tam#}.
44943	tarjita	tarjita	tarj	tarj	root	True		von	on {#tarj#} Caus. — 2〉 n. .
45089	tasmāt	tasmAt	ta	ta	root	True		von	a#} 1〉. Als Adv. . In Correlation mit {#ya/d#} und {#yasmAt#}.
45092	tā	tA	tan	tan	root	True		von	{#tA#}¦ Nebenform von 1. {#tan#} vor {#ya#}.
45166	tādayani	tAdayani	tad	tad	root	True	dieser	von	. Patron. von {#tad#} .
45189	tānavya	tAnavya	tanu	tanu	root	True		von	. Patron. von {#tanu#}.
45248	tāmam	tAmam	tam	tam	root	True		von	*{#tAmam#}¦ Absol. von {#tam#} P. 6,4,93.
45498	tārṇa	tArRa	tṛṇa	tfRa	root	True		von	
45502	tārṇāyana	tArRAyana	tṛṇa	tfRa	root	True		von	. Patron. von {#tfRa#}.
45639	tikīya	tikIya	tika	tika	root	True		von	*{#tikIya#}¦ Adj. von {#tika#}.
45825	tiras	tiras	bhū	BU	root	True	verschwinden machen, vertreiben	von	
46597	tūrṇa	tUrRa	tvar	tvar	root	True		von	on {#tvar#}; s. daselbst.
46764	tṛṇīya	tfRIya	tṛṇa	tfRa	root	True		von	*{#tfRIya#}¦ von {#tfRa#}.
46776	tṛṇṇa	tfRRa	tard	tard	root	True		von	{#tfRRa#}¦ Partic. von {#tard#}.
46858	teja	teja	tij	tij	root	True		von	pr. eines Mannes. — 2〉 f. {#A#}  Karmamāsa.
46915	tena	tena	ta	ta	root	True		von	}¦ Instr. von 1. {#ta#}. Als Adv. — 1〉  in Correl. mit {#yena#} . — 2〉  in Correl. mit {#y
46926	taikāyana	tEkAyana	tika	tika	root	True		von	. Patron. von {#tika#}.
47046	toḍana	toqana	tuḍ	tuq	root	True		von	von {#tuq#} DHĀTUP.
47195	tyad	tyad	tya	tya	root	True		von	dv. (stets mit vorangehendem {#ha#} oder {#ya/sya#}) .
47291	trāṇa	trARa	trā	trA	root	True		von	on 1. {#trA#}. — 2〉 *f. {#A#} und n. . — 3〉 n. — a〉  concret . in Comp. mit dem  mit dem .
47294	trāta	trAta	trā	trA	root	True		von	on 1. {#trA#}. — 2〉 m. N. pr. eines Mannes. — 3〉 n. . {#indrasya#} Name eines Sāman ĀRṢ. B
47300	trāpya	trApya	trap	trap	root	True		von	s. von {#trap#}.
47304	trāyamāṇa	trAyamARa	trā	trA	root	True		von	on 1. {#trA#}. — 2〉 f. {#trAyamARa/#} f. . oder n. VARĀH. BṚH. S. 44,10.
48298	tviṭka	tviwka	tviṣ	tviz	root	True		von	nde eines adj. Comp. von 2. {#tviz#}.
48345	thoḍana	Toqana	thuḍ	Tuq	root	True		von	von {#Tuq#}.
48680	daṇḍiman	daRqiman	daṇḍa	daRqa	root	True		von	m. abstr. von {#daRqa#}.
48730	datra	datra	day	day	root	True		von	{#da/tra#}¦ (wohl von {#day#}) n.  Pl. .
48839	danīdhvaṃsa	danIDvaMsa	dhvaṃs	DvaMs	root	True		von	n Intens. von {#DvaMs#}.
48970	dandramaṇa	dandramaRa	dram	dram	root	True		von	m Intens. von {#dram#}.
49215	dalin	dalin	dala	dala	root	True		von	*{#dalin#}¦ Adj. von {#dala#}.
49223	dalya	dalya	dala	dala	root	True		von	*{#dalya#}¦ Adj. von {#dala#}.
49580	dāṇḍa	dARqa	daṇḍa	daRqa	root	True		von	on {#daRqa#}. — 2〉 f. {#A#} . — 3〉 n. — a〉 Nom. abstr. von {#daRqa#}. — b〉 Nom. coll. von
49601	dātave	dAtave	dā	dA	root	True		von	¦ Dat. Inf. von 1. {#dA#} ṚV.
49603	dāti	dAti	dā	dA	root	True		von	1. {#dAti#}¦ (von 1. {#dA#}) in {#havya/dAti#}.
49604	dāti	dAti	dā	dA	root	True		von	2. *{#dAti#}¦ (von 3. {#dA#}) f.  GAL.
49708	dābhya	dABya	dabh	daB	root	True		von	s. von {#daB#} S. {#a˚#}.
49775	dāyita	dAyita	dā	dA	root	True		von	. vom Caus. von 1. {#dA#}.
49919	dāśa	dASa	dāś	dAS	root	True		von	1. {#dASa#}¦ (von 1. {#dAS#}) in {#puroQA/Sa#}.
49958	dāśya	dASya	daśa	daSa	root	True		von	#dASya#} (?)¦ Adj. von {#daSa#} (?).
49999	dāsāyana	dAsAyana	dāsa	dAsa	root	True		von	. Patron. von {#dAsa#}.
50054	diktas	diktas	diś	diS	root	True		von	{#dikta/s#}¦ = Abl. von 2. {#diS#}.
50171	dina	dina	dā	dA	root	True		von	¦ Partic. von 3. {#dA#}.
50240	dips	dips	dabh	daB	root	True		von	√{#dips#}¦ Desid. von {#daB#}.
50474	dīkṣitar	dIkzitar	dīkṣ	dIkz	root	True		von	dIkzitar#}¦ Nom. ag. von {#dIkz#}.
50550	dīpitar	dIpitar	dīp	dIp	root	True		von	#dIpitar#}¦ Nom. ag. von {#dIp#}.
50552	dīpīya	dIpIya	dīpa	dIpa	root	True		von	*{#dIpIya#}¦ Adj. von {#dIpa#}.
51892	dūṣay	dUzay	duṣ	duz	root	True		von	!√{#dUzay#}¦ (von 1. {#duz#}), {#dUza/yati#} (episch auch Med.). — 1〉  in
52050	dṛśi	dfSi	darś	darS	stem/word	False		Wurzel/Stamm	— 2〉 . Auch *{#dfrSI#}. — 3〉 *.
52160	devakīya	devakIya	deva	deva	root	True		von	{#devakIya#}¦ Adj. von 1. {#deva#}.
52446	devayitar	devayitar	div	div	root	True		von	evayitar#}¦ Nom. ag. von 2. {#div#} Caus.
52573	devasū	devasU	deva	deva	root	True		von	gänzung von {#deva#}) in der Liturgie Bez. von acht Gottheiten.
52970	daiśeya	dESeya	diś	diS	root	True		von	. Metron. von 2. {#diS#}.
53210	dyuma	dyuma	dyu	dyu	root	True		von	*{#dyuma#}¦ Adj. von 2. {#dyu#}.
53268	dyūna	dyUna	div	div	root	True		von	¦ Partic. von 2. {#div#}.
53317	dravaka	dravaka	dru	dru	root	True		von	*{#dravaka#}¦ Adj. von 1. {#dru#}.
53426	drāva	drAva	dru	dru	root	True		von	von 1. {#dru#}.
55033	dhā	DA	dhā	DA	root	True		von	— a〉 Brahmanʼs. — b〉 Bṛhaspatiʼs. — 3〉 f. am Ende eines Comp. Nom. act. von 1. {#DA#}.
55158	dhānya	DAnya	dhana	Dana	root	True		von	1. {#DAnya#}¦ (von {#Dana#})  DHĀTUP. 20,3.
55232	dhāyaka	DAyaka	dhā	DA	root	True		von	*{#DAyaka#}¦ Adj. von 1. {#DA#}.
55382	dhita	Dita	dhā	DA	root	True		von	{#Dita#}¦ Partic. von 1. {#DA#} und 1. {#Di#}.
55385	dhitsya	Ditsya	dhā	DA	root	True		von	{#DA#}.
55387	dhiy	Diy	dhi	Di	root	True		von	}¦, {#˚yati#} Denom. von 2. {#Di#}.
55413	dhī	DI	dhā	DA	root	True		von	
55418	dhīkṣ	DIkz	dih	dih	root	True	salben	von	#} vielleicht Desid. von {#dih#} .
55421	dhīta	DIta	dhā	DA	root	True		von	¦ Partic. von 3. {#DA#}.
55525	dhūna	DUna	dhū	DU	root	True		von	*{#DUna#}¦ Partic. von 1. {#DU#}.
55530	dhūnvant	DUnvant	dhū	DU	root	True		von	{#DUnvant#}¦ Partic. von 1. {#DU#}. m.  GAUT. 26,12.
55539	dhūpay	DUpay	diś	diS	root	True		von	
55577	dhūmay	DUmay	diś	diS	root	True		von	
56104	dhvānāyana	DvAnAyana	dhvana	Dvana	root	True		von	. Patron. von {#Dvana#}.
56121	naṃṣṭar	naMzwar	naś	naS	root	True		von	#naMzwar#}¦ Nom. ag. von 1. {#naS#}.
56122	naṃṣṭavya	naMzwavya	naś	naS	root	True		von	s. von 1. {#naS#}.
56456	nadara	nadara	nada	nada	root	True		von	*{#nadara#}¦ Adj. von {#nada#}.
56504	naddhavya	nadDavya	nah	nah	root	True		von	s. von 1. {#nah#}.
57060	nalya	nalya	nala	nala	root	True		von	*{#nalya#}¦ Adj. von {#nala#}.
57605	nāḍāyana	nAqAyana	naḍa	naqa	root	True		von	. Patron. von {#naqa#}. Davon *Adj. {#˚ka#}.
58084	nālya	nAlya	nala	nala	root	True		von	*{#nAlya#}¦ Adj. von {#nala#}.
58233	nikuciti	nikuciti	kuc	kuc	root	True		von	von {#kuc#} mit {#ni#}.
58528	nidita	nidita	dā	dA	root	True		von	{#ni/dita#}¦ Partic. von 4. {#dA#} mit {#ni#}.
58744	nimūlakāṣam	nimUlakAzam	kaṣ	kaz	root	True	bis zur Wurzel hinab ausrotten	von	imUlakAzam#}¦ Absol. von {#kaz#} .
58852	nirakṣin	nirakzin	rakṣ	rakz	root	True		von	{#nirakzin#}¦ Adj. von {#rakz#} mit {#ni#}.
58971	nirasta	nirasta	as	as	root	True		von	on 2. {#as#} mit {#nis#}. — 2〉 n.  MAHĀBH. 1,20,a.
59785	nivāpin	nivApin	vap	vap	root	True		von	*{#nivApin#}¦ Adj. von {#vap#} mit {#ni#}.
59796	nivāsaka	nivAsaka	nivāsa	nivAsa	root	True		von	{#nivAsaka#}¦ Adj. von {#nivAsa#}.
59899	niśāyin	niSAyin	śī	SI	root	True		von	*{#niSAyin#}¦ Adj. von {#SI#} mit {#ni#}.
59974	niśrāvin	niSrAvin	śru	Sru	root	True		von	{#niSrAvin#}¦ Adj. von {#Sru#} mit {#ni#}.
60135	niṣkuṣita	nizkuzita	kuṣ	kuz	root	True		von	on {#kuz#} mit {#nis#}. — 2〉 m. N. pr. eines Marut. v. l. {#izkupita#}.
60326	niḥṣūti	niHzUti	sū	sU	root	True		von	von {#sU#} mit {#nis#}.
60343	nisusūs	nisusUs	su	su	root	True		von	om Desid. von {#su#} mit {#ni#}.
60502	nīkleda	nIkleda	klid	klid	root	True		von	von {#klid#} mit {#ni#}.
61416	nyagbhāva	nyagBAva	ni	ni	root	True		von	). — 3〉 .
61433	nyañc	nyaYc	bhū	BU	root	True		von	
61672	pakṣṇu	pakzRu	pac	pac	root	True		von	*{#pakzRu#}¦ Adj. von 1. {#pac#}.
61763	paca	paca	pac	pac	root	True		von	
61778	paci	paci	pac	pac	root	True		von	
62251	paṭay	paway	paṭu	pawu	root	True		von	}¦, {#˚yati#} Denom. von {#pawu#}.
62263	paṭavya	pawavya	paṭu	pawu	root	True		von	*{#pawavya#}¦ Adj. von {#pawu#}.
62278	paṭiman	pawiman	paṭu	pawu	root	True		von	m. abstr. von {#pawu#}.
62281	paṭīyaṃs	pawIyaMs	paṭu	pawu	root	True		von	(Compar. von {#pawu#})  (im Comp. vorangehend),  (Loc. oder im Comp. vorangehend) ŚIŚ. 1,
62740	padana	padana	pad	pad	root	True		von	*{#padana#}¦ Adj. von 1. {#pad#}.
62743	padanīya	padanIya	pada	pada	root	True		von	
63542	parābhuve	parABuve	bhū	BU	root	True		von	¦ Dat. Inf. von 1. {#BU#} mit {#parA#} AV. 1,29,4.
63919	parinandana	parinandana	nanda	nanda	root	True		von	von {#nanda#} mit {#pari#}.
64077	parimat	parimat	man	man	root	True		von	*{#parimat#}¦ Adj. von {#man#} mit {#pari#}.
64134	pariyāṇa	pariyARa	yā	yA	root	True		von	von {#yA#} mit {#pari#}.
64136	pariyāṇīya	pariyARIya	yā	yA	root	True		von	s. von {#yA#} mit {#pAri#}.
64176	parivapaṇa	parivapaRa	vap	vap	root	True		von	Nom. act von {#vap#} mit {#pari#}.
64434	parihaṇana	parihaRana	han	han	root	True		von	von {#han#} mit {#pari#}.
64491	parīta	parIta	i	i	root	True		von	〉 Partic. von 3. {#i#} mit {#pari#}. Nom. abstr. [Page4-048-b] {#˚tA#} f. . — 2〉 m. Pl. N.
64492	parītat	parItat	tan	tan	root	True		von	*{#parItat#}¦ von {#tan#} mit {#pari#}.
64692	parṇasa	parRasa	parṇa	parRa	root	True		von	*{#parRasa#}¦ Adj. von {#parRa#}.
64706	parṇīya	parRIya	parṇa	parRa	root	True		von	*{#parRIya#}¦ Adj. von {#parRa#}.
64724	parpika	parpika	parpa	parpa	root	True		von	{#I#}) von {#parpa#} 1〉.
64773	paryastavant	paryastavant	as	as	root	True		von	von 2. {#as#} mit {#pari#}), .
64783	paryākhyāna	paryAKyAna	khyā	KyA	root	True		von	von {#KyA#} mit {#paryA#}.
65406	pākṣa	pAkza	pakṣa	pakza	root	True		von	*{#pAkza#}¦ Adv. von {#pakza#}.
65408	pākṣāyaṇa	pAkzAyaRa	pakṣa	pakza	root	True		von	#pAkzAyaRa#}¦ Adj. von {#pakza#}.
65428	pācayitar	pAcayitar	pac	pac	root	True		von	. vom Caus. von 1. {#pac#}.
65515	pāṭava	pAwava	paṭu	pawu	root	True		von	— b〉  Paṭu. — 2〉 n. — a〉 . — b〉  (Loc.). — c〉 am Ende eines Comp. . — d〉 * RĀJAN. 20,15.
65523	pāṭupaṭa	pAwupawa	paṭ	paw	root	True		von	{#pAwUpawA#}¦ Adj. von {#paw#}.
65554	pāṇika	pARika	paṇa	paRa	root	True		von	{#paRa#}. — 2〉 m. .
65701	pāṇya	pARya	paṇ	paR	root	True		von	#paR#}.
65984	pāna	pAna	pā	pA	root	True		von	von 3. {#pA#}.
66052	pāpacaka	pApacaka	pac	pac	root	True		von	m Intens. von {#pac#} PAT. zu P. 1,1,4, Vārtt. 6.
66059	pāpaṭhaka	pApaWaka	paṭh	paW	root	True		von	m Intens. von {#paW#} PAT. zu P. 1,1,4, Vārtt. 6.
66061	pāpati	pApati	pat	pat	root	True		von	m Intens. von 1. {#pat#}.
66153	pāyayitavai	pAyayitavE	pā	pA	root	True	trinken	von	s. von 1. {#pA#}  ŚAT. BR. 2,3,2,8.
66588	pāleya	pAleya	pāla	pAla	root	True		von	*{#pAleya#}¦ Adj. von 1. {#pAla#}.
67070	pitsant	pitsant	pat	pat	root	True		von	von 1. {#pat#}. — 2〉 *m.  RĀJAN. 19,83.
67093	pipakṣ	pipakz	pac	pac	root	True		von	om Desid. von 1. {#pac#}.
67094	pipaṭhiṣ	pipaWiz	paṭh	paW	root	True		von	om Desid. von {#paW#}.
67095	pipatiṣant	pipatizant	pat	pat	root	True		von	at#}. — 2〉 *m. .
67414	pīya	pIya	pā	pA	root	True	trinken	von	{#˚pIya#}¦ Absol. von 1. {#pA#} .
67418	pīyūkṣā	pIyUkzA	vana	vana	root	True		von	na#}) n.
68442	pulasa	pulasa	pula	pula	root	True		von	*{#pulasa#}¦ Adj. von {#pula#}.
68479	pulya	pulya	pula	pula	root	True		von	*{#pulya#}¦ Adj. von {#pula#}.
68869	pūtvī	pUtvI	pū	pU	root	True		von	{#pUtvI/#}¦ Absol. von 1. {#pU#} ṚV. 8,91,7.
68873	pūni	pUni	pū	pU	root	True		von	von 1. {#pU#}.
68887	pūyamāna	pUyamAna	pū	pU	root	True		von	von 1. {#pU#} — 2〉 *m. N. pr. eines Mannes.
69766	peśvara	peSvara	piś	piS	root	True		von	*{#peSvara#}¦ Adj. von {#piS#}.
69773	peṣam	pezam	piṣ	piz	root	True		von	{#˚pezam#}¦ Absol. von {#piz#}.
69786	pesvara	pesvara	pis	pis	root	True		von	*{#pesvara#}¦ Adj. von {#pis#}.
69818	paiṭhika	pEWika	pīṭha	pIWa	root	True		von	. Patron. von {#pIWa#}.
69942	popuva	popuva	pū	pU	root	True		von	m Intens. von 1. {#pU#}.
69960	poṣayitar	pozayitar	pūṣ	pUz	root	True		von	. vom Caus. von 1. {#pUz#}.
69985	pauṭāyana	pOwAyana	puṭa	puwa	root	True		von	. Patron. von {#puwa#}.
70096	paureya	pOreya	pūra	pUra	root	True		von	*{#pOreya#}¦ Adj. von {#pUra#}.
70119	paurya	pOrya	pura	pura	root	True		von	. Patron. von {#pura#}.
70179	pauṣpi	pOzpi	puṣpa	puzpa	root	True		von	. Patron. von {#puzpa#}.
70219	prakamanīya	prakamanIya	kam	kam	root	True		von	s. von 4. {#kam#} mit {#pra#}.
70347	prakopaṇīya	prakopaRIya	kup	kup	root	True		von	kup#} mit {#pra#}.
70355	prakrantar	prakrantar	kram	kram	root	True		von	akrantar#}¦ Nom. ag. von {#kram#} mit {#pra#} in er Bedeutung des Med.
70359	prakramitar	prakramitar	kram	kram	root	True		von	Nom. ag. von {#kram#} mit {#pra#}.
70360	prakramitavya	prakramitavya	kram	kram	root	True		von	s. von {#kram#} mit {#pra#}.
70402	prakṣveḍita	prakzveqita	kṣviḍ	kzviq	root	True		von	zviq#} mit {#pra#} — 2〉 n.  u. s. w. R. 6,17,32.
70412	prakhyānīya	praKyAnIya	khyā	KyA	root	True		von	s. von {#KyA#} mit {#pra#}.
70414	prakhyāpanīya	praKyApanIya	khyā	KyA	root	True		von	KyA#} mit {#pra#}.
70423	pragamanīya	pragamanIya	gam	gam	root	True		von	s. von {#gam#} mit {#pra#}.
70438	pragādya	pragAdya	gad	gad	root	True		von	s. von 1. {#gad#} mit {#pra#}.
70664	prajit	prajit	ji	ji	root	True		von	*{#prajit#}¦ Adj. von 1. {#ji#} mit {#pra#}.
70771	praṇikṣaṇa	praRikzaRa	nikṣ	nikz	root	True		von	von {#nikz#} mit {#pra#}.
70851	pratāpitar	pratApitar	tap	tap	root	True		von	t. von {#tap#} 1 mit {#pra#} Caus.
71283	pratibha	pratiBa	bhā	BA	root	True		von	
71720	pratihita	pratihita	dhā	DA	root	True		von	on 1. {#DA#} mit {#prati#}. — 2〉 f. {#A#}  ṚV. 10,103,3. AV. 11,2,1. 19,13,4.
71983	pratyayāy	pratyayAy	i	i	root	True		von	n 3. {#i#} mit {#prati#}).
72023	pratyavasita	pratyavasita	sā	sA	root	True		von	tyavasita#}¦ Partic. von {#sA#} mit {#pratyava#}.
72278	pradatta	pradatta	dā	dA	root	True		von	on 1. {#dA#} mit {#pra#} — 2〉 m. N. pr. eines Gandharva.
72293	pradātos	pradAtos	dā	dA	root	True		von	#ISvara/#}) von 1. {#dA#} mit {#pra#} TS. 3,1,8,3.
72372	pradha	praDa	dhā	DA	root	True		von	*{#praDa#}¦ Adj. von 1. {#DA#} mit {#pra#}. — {#praDA#} s. bes.
72382	pradhā	praDA	dhā	DA	root	True		von	A#} mit {#pra#}. — 2〉 N. pr. einer Tochter Dakṣaʼs. Richtig {#prADa#}.
72413	pranardaka	pranardaka	nard	nard	root	True		von	pranardaka#}¦ Adj. von {#nard#} mit {#pra#}.
72483	prapāyin	prapAyin	pā	pA	root	True		von	{#prapAyin#}¦ Adj. von {#pA#} mit {#pra#}.
72508	prapyāyana	prapyAyana	pyāy	pyAy	root	True		von	von {#pyAy#} mit {#pra#}.
72509	prapyāyanīya	prapyAyanIya	pyāy	pyAy	root	True		von	s. von {#pyAy#} mit {#pra#}.
72581	prabhavana	praBavana	bhū	BU	root	True		von	von 1. {#BU#} mit {#pra#}.
72582	prabhavanīya	praBavanIya	bhū	BU	root	True		von	s. von 1. {#BU#} mit {#pra#}.
72599	prabhāj	praBAj	bhaj	Baj	root	True		von	*{#praBAj#}¦ Adj. von {#Baj#} mit {#pra#}.
72605	prabhāna	praBAna	bhā	BA	root	True		von	von 1. {#BA#} mit {#pra#}.
72606	prabhānīya	praBAnIya	bhā	BA	root	True		von	s. von 1. {#BA#} mit {#pra#}.
72609	prabhāpana	praBApana	bhā	BA	root	True		von	#BA#} mit {#pra#}.
72610	prabhāpanīya	praBApanIya	bhā	BA	root	True		von	{#BA#} mit {#pra#}.
72639	prabhid	praBid	bhid	Bid	root	True		von	*{#praBid#}¦ Adj. von 1. {#Bid#} mit {#pra#}.
72665	prabhūṣaṇi	praBUzaRi	bhū	BU	root	True		von	Ri#}¦ Infin. debendi von 1. {#BU#} mit {#pra#} ṚV. 10,132,1.
72899	prayāṇīya	prayARIya	yā	yA	root	True		von	s. von 1. {#yA#} mit {#pra#}.
72904	prayāpaṇa	prayApaRa	yā	yA	root	True		von	#yA#} mit {#pra#}.
72906	prayāpaṇīya	prayApaRIya	yā	yA	root	True		von	{#yA#} mit {#pra#}.
72909	prayāpin	prayApin	yā	yA	root	True		von	vom Caus. von 1. {#yA#} mit {#pra#}.
72934	prayai	prayE	yā	yA	root	True		von	Dat. Infin. von 1. {#yA#} mit {#pra#} P. 3,4,10 ṚV. 1,142,6. — ṚV. 10,104,3 ist {#prayE/#}
73039	pralkārīy	pralkArIy	pra	pra	root	True		von	ralkArIy#}¦ Denomin. von 1. {#pra#} + {#xkAra#}.
73155	pravādya	pravAdya	vad	vad	root	True		von	s. von {#vad#} mit {#pra#}.
73654	prasnavitar	prasnavitar	snu	snu	root	True		von	snavitar#}¦ Nom. ag. von 1. {#snu#} mit {#pra#}.
73768	prahlatti	prahlatti	hlād	hlAd	root	True		von	von 1. {#hlAd#} mit {#pra#}.
74864	prekīy	prekIy	pra	pra	root	True		von	, {#˚yati#} Denomin. von {#pra#} + {#eka#}.
74881	prekṣita	prekzita	īkṣ	Ikz	root	True		von	on {#Ikz#} mit {#pra#}. — 2〉 n. .
75045	proghīy	proGIy	pra	pra	root	True		von	, {#˚yati#} Denomin. von 1. {#pra#} + {#oGa#}.
75131	plakṣakīya	plakzakIya	plakṣa	plakza	root	True		von	plakzakIya#}¦ Adj. von {#plakza#}.
75162	plākṣaki	plAkzaki	plakṣa	plakza	root	True		von	. Patron. von {#plakza#}.
75164	plākṣi	plAkzi	plakṣa	plakza	root	True		von	. Patron. von {#plakza#}. *f. {#plAkzI#}.
75172	plāvita	plAvita	plu	plu	root	True		von	}. — 2〉 n. — a〉  KĀD. 2,81,23. — b〉  BHĀG. P. 4,6,12.
75389	phalasa	Palasa	phala	Pala	root	True		von	1〉 Adj. von {#Pala#}. — 2〉 m. = {#panasa#} .
75440	phalīya	PalIya	phala	Pala	root	True		von	*{#PalIya#}¦ Adj. von {#Pala#}.
75593	phaulli	POlli	phulla	Pulla	root	True		von	*{#POlli#}¦ von {#Pulla#}.
75735	badbadhāna	badbaDAna	bādh	bAD	root	True		von	vom Intens. von {#bAD#}.
75902	barhavant	barhavant	barha	barha	root	True		von	#barhavant#}¦ Adj. von {#barha#}.
76009	balasa	balasa	bala	bala	root	True		von	*{#balasa#}¦ Adj. von 1. {#bala#}.
76599	bākāyana	bAkAyana	baka	baka	root	True		von	. Patron. von {#baka#}. Auch Pl.
76607	bāḍha	bAQa	bah	bah	root	True		von	, {#bA|a/#}¦ Partic. von {#bah#}. Nur — 1〉 Loc. {#bA|e/#} . — 2〉 {#bAQam#} Adv. . Gewöhnli
76652	bādh	bAD	badh	baD	root	True		von	t {#vi#} — 1〉 . — 2〉 . — 3〉 . — Intens. . — Mit {#sam#} — 1〉 . — 2〉 . — 3〉 .
76869	bāstāyana	bAstAyana	basta	basta	root	True		von	. Patron. von {#basta#}.
77079	bilasa	bilasa	bila	bila	root	True		von	*{#bilasa#}¦ Adj. von {#bila#}.
77142	bisila	bisila	bisa	bisa	root	True		von	*{#bisila#}¦ Adj. von {#bisa#}.
77211	bībhartsita	bIBartsita	bādh	bAD	root	True		von	bAD#}).
77383	bulya	bulya	bula	bula	root	True		von	*{#bulya#}¦ Adj. von {#bula#} gaṇa {#balAdi#} zu P. 4,2,80 in der KĀŚ.
77389	busasa	busasa	busa	busa	root	True		von	*{#busasa#}¦ Adj. von {#busa#}.
77653	bebhiditavya	beBiditavya	bhid	Bid	root	True		von	s. von 1. {#Bid#}.
77669	baida	bEda	bida	bida	root	True		von	on {#bida#} AIT. BR. 3,6,4. ĀŚV. ŚR. 12,10,9. {#˚kula#} PAT. zu P. 2,4,64, Vārtt. f. {#bEd
77679	bailāyana	bElAyana	bila	bila	root	True		von	{#bElAyana#}¦ Adj. von {#bila#}.
77765	baudhi	bODi	budha	buDa	root	True		von	. Patron. von {#buDa#} und {#boDa#}.
78304	brāhmaudanika	brAhmOdanika	agni	agni	root	True		von	gänzung von {#agni#})  ĀPAST. ŚR. 5,4,12. 5,1. 10,7.
78548	bhajamāna	BajamAna	bhaj	Baj	root	True		von	— b〉 . — 2〉 m. N. pr. verschiedener Fürsten.
78554	bhajya	Bajya	bhaj	Baj	root	True		von	s. von {#Baj#}.
78989	bharś	BarS	bhraṃś	BraMS	root	True		von	*√{#BarS#}¦ Nebenform von {#BraMS#}, {#BraS#}.
79152	bhavya	Bavya	bhū	BU	root	True		von	in {#DenuBavyA#} und {#DenuMBa/vyA#}. — d〉 . — e〉 . — f〉 . Superl. {#˚tama#}. — g〉 . — h〉
79549	bhārśya	BArSya	bhṛśa	BfSa	root	True		von	m. abstr. von {#BfSa#}.
79569	bhālla	BAlla	bhalla	Balla	root	True		von	*{#BAlla#}¦ Adj. von {#Balla#}.
79576	bhālleya	BAlleya	bhalla	Balla	root	True		von	*{#BAlleya#}¦ Adj. von {#Balla#}.
79615	bhāvam	BAvam	bhū	BU	root	True		von	{#˚BAvam#}¦ Absol. von 1. {#BU#} P. 3,4,61. fgg.
79617	bhāvay	BAvay	bhū	BU	root	True		von	1〉 Caus. von 1. {#BU#}; s. das. — 2〉 *künstliches Denomin. von {#bahu#}.
79663	bhāvita	BAvita	bhū	BU	root	True		von	U#}. — 2〉 wohl n.  COLEBR. Alg. 187. 343.
79676	bhāvya	BAvya	bhū	BU	root	True		von	i〉 . — 2〉 m. N. pr. verschiedener Männer ṚV. 1,126,1. — 3〉 n. impers. — a〉  (Instr.) . —
79708	bhāsa	BAsa	bhāsa	BAsa	root	True		von	}¦ Adj. von 1. {#BAsa#} 1〉b〉.
80002	bhīṣay	BIzay	bhī	BI	root	True		von	. dem Caus. von 1. {#BI#}.
80100	bhujam	Bujam	bhuj	Buj	root	True		von	{#Bujam#}¦ Absol. von 1. {#Buj#} in {#BjaMga#} und {#BjaMgama#}.
80616	bhūr	BUr	bhū	BU	root	True		von	ch Nomin. von 2. {#BU#}) — 1〉 in [Page4-280-a] der Formel {#BU/rBu/vaH sva^H#} (VS. 3,5. 3
81081	bhojam	Bojam	bhuj	Buj	root	True		von	*{#Bojam#}¦ Absol. von 1. {#Buj#} P. 3,4,22, Sch.
81189	bhramarakabhrāmam	BramarakaBrAmam	bhram	Bram	root	True	wie einen Brummkreisel drehen	von	t dem Caus. von {#Bram#}  BĀLAR. 274,16.
81698	maṭhay	maWay	maṭha	maWa	root	True		von	!√{#maWay#}¦ (von {#maWa#}) {#˚yati#}  HEMĀDRI 1,560,12.
81917	mat	mat	ma	ma	root	True		von	{#ma/t#}¦ (Abl. von 1. {#ma#})  u. s. w. Am Anfange eines Comp. Stellvertreter von 1.
82085	mathitos	maTitos	math	maT	root	True		von	Gen. Infin. von 1. {#maT#}. {#vi vA maTitoH#} AIT. BR. 1,10,2.
83059	manti	manti	man	man	root	True		von	von {#man#}.
83281	mandayadhyai	mandayaDyE	mad	mad	root	True		von	s. von 1. {#mad#}, {#mand#} ṚV. 4,29,3.
83661	marc	marc	grahaṇe	grahaRe	stem/word	False		Wurzel/Stamm	
84364	mahātyaya	mahAtyaya	jvara	jvara	root	True		von	4 nach BHĀVAPR. 3,27 = {#mahAkazwa#}, {#gamBIra#} oder {#cAturTika#}.
85531	mā	mA	arha	arha	root	True		von	(Aor.). {#sma mA/-mo/#} ({#mo^#} ŚAT. BR.) {#sma#} 29,23.
85537	mā	mA	mi	mi	root	True		von	in einigen Formen von 1. {#mi#} und 1. {#mI#}.
85774	māta	mAta	mā	mA	root	True		von	l Partic. von {#mA#} = {#man#} ṚV. 5,45,6. Vgl. {#devamAta#} und {#nirmAta#} (Nachtr. 4).
85776	māta	mAta	mati	mati	root	True		von	on {#mati#}; f. {#mAtI/#}.
85947	mādāyana	mAdAyana	mada	mada	root	True		von	. Patron. von {#mada#}. Auch Pl.
86131	mānaveya	mAnaveya	manu	manu	root	True		von	
86134	mānavya	mAnavya	manu	manu	root	True		von	on {#manu#}. — 2〉 *n.  richtig {#mARAvya#}.
86173	mānāyana	mAnAyana	mana	mana	root	True		von	. Patron. von {#mana#}.
86179	mānita	mAnita	man	man	root	True		von	}. — 2〉 n.  HARIV. 6210.
86218	mānthya	mAnTya	mantha	manTa	root	True		von	*{#mAnTya#}¦ Adj. von {#manTa#}.
86244	māpay	mApay	mā	mA	root	True		von	#}¦, {#˚yati#} Caus. von 3. {#mA#} und 1. {#mI#}.
86345	mārāvika	mArAvika	śuka	Suka	root	True		von	als Beiw. von {#Suka#} PAT. zu P. 2,2,11.
86886	mits	mits	mā	mA	root	True		von	#} Desid. von 3. {#mA#}.
86887	mits	mits	mī	mI	root	True		von	#} Desid. von 1. {#mI#}.
86888	mits	mits	mī	mI	root	True		von	#} Desid. von 1. {#mI#}.
87639	mur	mur	murcch	murcC	root	True		von	Nom. ag. von {#murcC#}.
87640	mur	mur	murv	murv	root	True		von	Nom. ag. von {#murv#}.
88014	mūlasa	mUlasa	mūla	mUla	root	True		von	*{#mUlasa#}¦ Adj. von {#mUla#}.
88524	mṛnmāna	mfnmAna	kupa	kupa	root	True		von	*{#mfnmAna#}¦ als Erklärung von {#kupa#}.
88923	maitrāyaṇa	mEtrAyaRa	mitra	mitra	root	True		von	{#mitrayuH#} richtig {#mEtreya#}. — b〉 Pl.  [Page5-108-a] HEMĀDRI 1,519,19. — 2〉 f. {#I#}
88999	mokṣ	mokz	muc	muc	root	True		von	von 1. {#muc#}, {#mokzayati#} s. u. {#mokzay#}.
89079	modamāna	modamAna	mud	mud	root	True		von	#modamAna#}¦ Partic. von 1. {#mud#}. m. vielleicht N. pr. vgl. {#ma/damAnika#}.
89222	maurya	mOrya	mura	mura	root	True		von	(*Patron. von {#mura#} und *Metron. von {#murA#}) HEM. PAR. 8,347. Pl. N. pr. einer mit Ca
89262	myakṣ	myakz	mimyakṣ	mimyakz	stem/word	False		Wurzel/Stamm	kz#}¦, {#mya/kzati#} (Perfect-Stamm {#mimyakz#} und {#mimikz#}) — 1〉  (Loc.). Pass.  (von
89325	yakṣ	yakz	yakṣa	yakza	root	True		von	ur {#yakzAmas#} als Erklärung von {#yakza#} in der Bed.  nach dem Comm. {#pra#} (nur {#pra
89682	yatas	yatas	ya	ya	root	True		von	a#} in allen Zahlen und Geschlechtern:  oder  (z. B. sich fürchten); auch . {#ca/rakEByo v
89742	yatya	yatya	yat	yat	root	True		von	s. von {#yat#}.
89743	yatra	yatra	ya	ya	root	True	wer, welcher	von	on 1. {#ya#}  in allen Zahlen und Geschlechtern. — 2〉 . {#catuzpaTE yatra vA#} . — 3〉 . —
89756	yatva	yatva	ya	ya	root	True	der Laut	von	m. abstr. von {#ya#}  {#ya#} Comm. zu TS. PRĀT.
90192	yant	yant	i	i	root	True		von	{#ya/nt#}¦ Partic. von 3. {#i#}. *{#abde yati#} .
90196	yanti	yanti	yam	yam	root	True		von	von {#yam#}.
90392	yamya	yamya	yam	yam	root	True		von	m#}.
90494	yavāna	yavAna	ju	ju	root	True		von	ju#}.
90585	yaṣṭi	yazwi	yaj	yaj	root	True		von	aj#}. Richtig {#izwi#}.
90605	yasmāt	yasmAt	ya	ya	root	True		von	{#ya/smAt#}¦ Abl. von 1. {#ya#}. Als Conj. — 1〉  GAUT. 23,32. Mit entsprechendem {#tasm
90696	yātar	yAtar	yā	yA	root	True		von	
90871	yāyaṣṭi	yAyazwi	yaj	yaj	root	True		von	#yaj#} PAT. zu P. 1,1,58, Vārtt. 7.
90964	yāvya	yAvya	yu	yu	root	True		von	#}. — 2〉 = {#yApya#} .
90968	yāṣṭi	yAzwi	yaj	yaj	root	True		von	#yaj#} PAT. zu P. 1,1,38, Vārtt. 7.
90984	yu	yu	yu	yu	root	True		von	
91021	yuktvāya	yuktvAya	yuj	yuj	root	True		von	#yuktvA/ya#}¦ Absol. von 1. {#yuj#} TS. 4,1,1,1.
91100	yuñjāna	yuYjAna	yuj	yuj	root	True		von	on 1. {#yuj#}. — 2〉 m. — a〉 *. — b〉  Yogin NY. K.
91164	yup	yup	lup	lup	root	True		von	
91299	yena	yena	ya	ya	root	True		von	{#ye/na#}¦ (Instr. von 1. {#ya#}) als Adv. und Conj. — 1〉 . — 2〉  KĀRAṆḌ. 79,8. 89,3. —
92679	ran	ran	rā	rA	root	True		von	ar Sg. st. Du., also so v. a. {#dAtArO#}.
93710	rāṇāyana	rARAyana	raṇa	raRa	root	True		von	on {#raRa#}. — 2〉 f. {#I#} f. zu 1〉. {#˚putra#} m. N. pr. eines Lehrers. {#˚sUtra#} n.
93714	rāṇi	rARi	raṇa	raRa	root	True		von	. Patron. von {#raRa#}.
93836	rādhika	rADika	rādha	rADa	root	True		von	. 7765.
93846	rāpya	rApya	rap	rap	root	True		von	s. von {#rap#}.
93848	rābhasya	rABasya	rabh	raB	root	True		von	¦ n. als Bedeutung von {#raB#}.
94229	ripsu	ripsu	rabh	raB	root	True		von	om Desid. von {#raB#}.
94258	riṣayadhyai	rizayaDyE	riṣ	riz	root	True		von	¦ Dat. Inf. von 1. {#riz#} Caus. ṚV. 1,129,8.
94291	ru	ru	śabda	Sabda	root	True		von	
94686	rūpay	rUpay	vap	vap	root	True		von	
94886	raibha	rEBa	rebha	reBa	root	True		von	on {#reBa#}. — 2〉 f. {#rE/BI#} Bez. .
94958	rocamāna	rocamAna	ruc	ruc	root	True		von	on 1. {#ruc#}. — 2〉 m. — a〉 . — b〉 N. pr. eines Fürsten. — 3〉 f. {#A#} N. pr. einer des Mü
94973	roḍhar	roQar	ruh	ruh	root	True		von	*{#roQar#}¦ Nom. ag. von 1. {#ruh#}.
94988	roddhos	rodDos	rudh	ruD	root	True		von	Gen. Infin. von 2. {#ruD#}. {#ni#} {#vA#} {#rodDoH#} AIT. BR. 1,10,2.
95098	rorūya	rorUya	ru	ru	root	True		von	n Intens. von 1. {#ru#}.
95129	rohāy	rohAy	ruh	ruh	root	True		von	#}, Partic. von 1. {#ruh#}.
95162	rohita	rohita	ruh	ruh	root	True		von	vom Caus. von 1. {#ruh#}) n.  (Loc.) MBH. 4,271 = {{‹ed.› Vardh.->MBH.ed.Vardh.||20160103|
95363	lakṣmīnārāyaṇa	lakzmInArAyaRa	rūpa	rUpa	root	True		von	
95422	lagna	lagna	śubha	SuBa	root	True		von	
95738	labdhar	labDar	labh	laB	root	True		von	
95795	lambham	lamBam	labh	laB	root	True		von	*{#lamBam#}¦ Absol. von {#laB#}.
95955	laṣaṇa	lazaRa	laṣ	laz	root	True		von	*{#lazaRa#}¦ Adj. von 1. {#laz#}.
96069	lāpay	lApay	lap	lap	root	True		von	#}¦, {#˚yati#} Caus. von 1. {#lap#} und 1. {#lI#}.
96074	lāpya	lApya	lap	lap	root	True		von	s. von 1. {#lap#}.
96085	lābham	lABam	labh	laB	root	True		von	*{#lABam#}¦ Absol. von {#laB#}.
96098	lāyaka	lAyaka	lī	lI	root	True		von	*{#lAyaka#}¦ Adj. von 1. {#lI#}.
96106	lālay	lAlay	lala	lala	root	True		von	#}¦ Caus. von {#lala#}.
96273	limpa	limpa	lip	lip	root	True		von	1〉 Adj. von {#lip#}. — 2〉 m. N. pr. eines Wesens im Gefolge Śivaʼs.
96287	lī	lI	ay	ay	root	True		von	
96376	lup	lup	lubh	luB	root	True		von	Y. zu ṚV. 10,38,5. — Caus. — 1〉  (die Spur) Cit. bei SĀY. zu TAITT. ĀR. 6,10,2. Vgl. {#luB
96390	lubh	luB	yup	yup	root	True		von	A#}  ({#saha#}). — 2〉 . {#pralubDa#} . — Caus.  (Instr.). — Mit {#upapra#} in {#upapraloBa
96495	lelihāna	lelihAna	lih	lih	root	True		von	ih#} — 2〉 m. — a〉 . — b〉 Bein. Śivaʼs MBH. 14,8,19. Vgl. {#rerihARa#}. — 3〉 f. {#A#} .
96497	lelya	lelya	lī	lI	root	True		von	m Intens. von 1. {#lI#}.
96503	leṣṭavya	lezwavya	liś	liS	root	True		von	s. von {#liS#}.
96743	loṭha	loWa	luṭh	luW	root	True		von	von {#luW#}.
96853	loluva	loluva	lū	lU	root	True		von	m Intens. von 1. {#lU#}.
96854	lolūya	lolUya	lū	lU	root	True		von	
96855	lolūyam	lolUyam	lū	lU	root	True		von	vom Intens. von 1. {#lU#} P. 6,1,194, Sch.
97179	vak	vak	vac	vac	root	True		von	#vivakmi#} vedisch von {#vac#}.
97631	vaṭibha	vawiBa	vaṭi	vawi	root	True		von	*{#vawiBa#}¦ Adj. von {#vawi#}.
97714	vati	vati	van	van	root	True		von	von {#van#}.
97815	vaditos	vaditos	vad	vad	root	True		von	Gen. Infin. von {#vad#} TS. 2,1,2,6.
98053	vanasa	vanasa	vana	vana	root	True		von	*{#vanasa#}¦ Adj. von 1. {#vana#}.
98123	vanila	vanila	vana	vana	root	True		von	*{#vanila#}¦ Adj. von 1. {#vana#}.
98161	vanti	vanti	van	van	root	True		von	von 1. {#van#}.
98290	vayant	vayant	vā	vA	root	True		von	on 5. {#vA#}. — 2〉 m. angeblich N. pr. eines Mannes.
98780	varṇasa	varRasa	varṇa	varRa	root	True		von	*{#varRasa#}¦ Adj. von {#varRa#}.
98811	varṇila	varRila	varṇa	varRa	root	True		von	*{#varRila#}¦ Adj. von {#varRa#}.
98820	vart	vart	ratham	raTam	root	True		von	b〉 . — c〉  (Loc.) — Caus.  (Acc. oder Dat.) TĀṆḌYA-BR. 7,7,9. — Mit {#upapra#} Caus.  (Loc
98820	vart	vart	i	i	root	True		von	
99051	varṣiṣṭha	varzizWa	varṣa	varza	root	True	Jahr	von	
99056	varṣīyaṃs	varzIyaMs	varṣa	varza	root	True		von	
99239	vaśana	vaSana	vaś	vaS	root	True		von	von {#vaS#}.
99302	vas	vas	sā	sA	root	True		von	
99390	vasitar	vasitar	vas	vas	root	True		von	*{#vasitar#}¦ N. ag. von 3. {#vas#}. {#vasitftama#} als Erklärung von {#va/sizWa#}.
99686	vahantī	vahantI	vah	vah	root	True		von	va/hantI#}¦ (Partic. von 1. {#vah#}) f. Pl.  TS. 6,4,2,3. 7,4,14,1. KĀṬH. 22,13. KAUŚ. 32.
99769	vā	vA	van	van	root	True		von	{#vA#}¦ Nebenform von 1. {#van#}. {#˚vAta#} . — Desid. {#vi/vAsati#}, {#˚te#} ({#paricara
100237	vāta	vAta	vā	vA	root	True		von	¦ Partic. von 3. {#vA#}.
100238	vāta	vAta	vā	vA	root	True		von	¦ Partic. von 4. {#vA#}.
100420	vātī	vAtI	vāta	vAta	root	True		von	{#vAtI/#}¦ Adv. (von 1. {#vAta#}) in {#vAtIkAra/#} und {#vAtI/kfta#}.
100490	vādāyana	vAdAyana	vada	vada	root	True		von	. Patron. von {#vada#}.
100516	vādyamāna	vAdyamAna	vad	vad	root	True		von	ad#}. [Page6-062-b] — 2〉 n.  HARIV. 2,63,101.
100572	vānīya	vAnIya	vā	vA	root	True		von	s. von 5. {#vA#}.
100715	vāya	vAya	vi	vi	root	True	Vogel	von	on {#vi#} .
101167	vārṣa	vArza	vṛṣa	vfza	root	True		von	
101307	vāśa	vASa	vaśa	vaSa	root	True		von	. — 2〉 n. Name verschiedener Sāman ĀRṢ. BR.
101364	vāsayitar	vAsayitar	vasu	vasu	root	True		von	ṚV. 1,165,1.
101414	vāsila	vAsila	vāsa	vAsa	root	True		von	1〉 Adj. von {#vAsa#}. — 2〉 m. Hypokoristikon von {#vAsizWa#}.
101424	vāsuka	vAsuka	vasu	vasu	root	True		von	〉 *Adj. von {#vasu#}. — 2〉 f. {#I#} N. pr. einer Frau HEM. PAR. 1,306.
101917	vigra	vigra	vij	vij	root	True		von	}; vgl. ). Nach den Erklärern = {#meDAvin#}. — 2〉 *.
102112	vijanitos	vijanitos	jan	jan	root	True		von	Abl. Infin. von {#jan#} mit {#vi#} TS. 2,5,1,5.
102198	vijānivaṃs	vijAnivaMs	jan	jan	root	True		von	rtic. perf. von 1. {#jan#} mit {#vi#}. Nur Gen. {#vijAnu/zas#}.
102441	vitāyitar	vitAyitar	tan	tan	root	True		von	#} als Fut. von 1. {#tan#} mit {#vi#} 8〉 BHĀG. P. 8,13,36.
102510	vittva	vittva	vid	vid	root	True		von	m. abstr. von 2. {#vid#}.
102524	vid	vid	div	div	root	True		von	
102656	viddhi	vidDi	vyadh	vyaD	root	True		von	von {#vyaD#}.
103025	vinay	vinay	vi	vi	root	True	Vogel	von	künstliches Denomin. von {#vi#}  und {#nar#} . — Mit {#vi#} Absol. {#vivinayya#} PAT. zu P
103625	vibhājam	viBAjam	bhaj	Baj	root	True		von	Acc. Infin. von {#Baj#} mit {#vi#} TBR. 1,1,5,6.
103626	vibhājayitar	viBAjayitar	bhaj	Baj	root	True		von	. von Caus. von {#Baj#} mit {#vi#}.
104181	vilātar	vilAtar	lī	lI	root	True		von	*{#vilAtar#}¦ N. ag. von 1. {#lI#} — Mit {#vi#}.
104182	vilātavya	vilAtavya	lī	lI	root	True		von	s. von 1. {#lI#} — Mit {#vi#}.
104194	vilāṣin	vilAzin	laṣ	laz	root	True		von	*{#vilAzin#}¦ Adj. von 1. {#laz#} — Mit {#vi#}.
104230	vilikhas	viliKas	likh	liK	root	True		von	Gen. Infin. von {#liK#} — Mit {#vi#} P. 3,4,13, Sch.
104252	viletar	viletar	lī	lI	root	True		von	*{#viletar#}¦ N. ag. von 1. {#lI#} — Mit {#vi#}.
104253	viletavya	viletavya	lī	lI	root	True		von	s. von 1. {#lI#} — Mit {#vi#}.
104264	vilokita	vilokita	lok	lok	root	True		von	on {#lok#} — Mit {#vi#}. — 2〉 m.  S. S. S. 213. — 3〉 n. — a〉 . — b〉  LALIT. 20,21. 21,1. f
104271	viloṭa	vilowa	luṭ	luw	root	True		von	von {#luw#}.
104273	viloṭana	vilowana	luṭ	luw	root	True		von	von {#luw#}.
104275	viloḍa	viloqa	luṭ	luw	root	True		von	von {#luw#}.
104304	viva	viva	vā	vA	root	True		von	{#vAti#} = {#gacCati!#}) ŚIŚ. 19,86.
104677	viśoḍha	viSoQa	sah	sah	root	True		von	haft für {#visoQa#} (von {#sah#} mit {#vi#}).
105233	viṣamīya	vizamIya	viṣama	vizama	root	True		von	{#vizamIya#}¦ Adj. von {#vizama#}.
105392	viṣṭa	vizwa	viś	viS	root	True		von	〉 Partic. von 1. {#viS#} und 1. {#viz#}. — 2〉 f. {#vizwA#} f. fehlerhaft für 2. {#vizWA#}
105739	visphorya	visPorya	sphur	sPur	root	True		von	s. von {#sPur#} mit {#vi#}.
105893	vīkṣita	vIkzita	īkṣ	Ikz	root	True		von	on {#Ikz#} mit {#vi#}. — 2〉 n. .
105985	vītta	vItta	dā	dA	root	True		von	*{#vItta#}¦ Partic. von 1. {#dA#} {#vi#}.
106336	vṛkṣīya	vfkzIya	vṛkṣa	vfkza	root	True		von	{#vfkzIya#}¦ Adj. von {#vfkza#}. Zu belegen nur {#eka˚#} (Nachtr. 6)
106351	vṛjika	vfjika	vṛji	vfji	root	True		von	*{#vfjika#}¦ Adj. von {#vfji#} 1〉.
106686	vṛṣaṇvasu	vfzaRvasu	vana	vana	root	True		von	
106814	vṛṣīy	vfzIy	vṛṣa	vfza	root	True		von	, {#˚yati#} Denomin. von {#vfza#}.
107013	veti	veti	i	i	root	True		von	#} (3te Sg. von 3. {#i#}) {#vi#}.
107014	vettar	vettar	vid	vid	root	True		von	
107124	vedaya	vedaya	vid	vid	root	True		von	vom Caus. von 1. {#vid#}.
107455	veṣṭavya	vezwavya	viś	viS	root	True		von	s. von 1. {#viS#}.
107773	vainra	vEnra	vi	vi	root	True	Vogel	von	m. abstr. von {#vi#}  + {#nar#} .
107967	vaireya	vEreya	vīra	vIra	root	True		von	*{#vEreya#}¦ Adj. von {#vIra#}.
108039	vaiśeya	vESeya	viśa	viSa	root	True		von	. Patron. von {#viSa#}.
108258	vyaja	vyaja	aj	aj	root	True		von	*{#vyaja#}¦ von {#aj#} mit {#vi#}.
108287	vyatipāka	vyatipAka	pac	pac	root	True		von	von 1. {#pac#} mit {#vyati#} P. 3,3,43, Vārtt. 1.
108306	vyatīkṣā	vyatIkzA	īkṣ	Ikz	root	True		von	m. abstr. von {#Ikz#} mit {#vyati#} P. 3,3,43, Vārtt. 4.
108717	vyābhāṣaka	vyABAzaka	bhāṣ	BAz	root	True		von	#vyABAzaka#}¦ Adj. von 1. {#BAz#} mit {#vyA#}.
109197	śaṃśamam	SaMSamam	śam	Sam	root	True		von	von Intens. von 2. {#Sam#} MAHĀBH. 6 (4),32,b.
110097	śatrusāt	SatrusAt	gam	gam	root	True	dem Feinde überliefern	von	dem Caus. von {#gam#} .
110110	śadru	Sadru	śad	Sad	root	True		von	1〉 Adj. von {#Sad#}. — 2〉 m. Bein. Viṣṇuʼs.
110132	śanta	Santa	śam	Sam	root	True		von	*{#Santa#}¦ Adj. von 5. {#Sam#}.
110140	śanti	Santi	śam	Sam	root	True		von	*{#Santi#}¦ Adj. von 5. {#Sam#}.
110142	śantu	Santu	śam	Sam	root	True		von	*{#Santu#}¦ Adj. von 5. {#Sam#}.
110166	śapya	Sapya	śap	Sap	root	True		von	s. von {#Sap#}.
110325	śamaka	Samaka	śam	Sam	root	True		von	on 2. {#Sam#}. — 2〉 f. {#A#}  KAUŚ. 8.
110337	śamam	Samam	śam	Sam	root	True		von	*{#Samam#}¦ Absol. von 2. {#Sam#} P. 6,4,93, Sch.
110355	śamita	Samita	śam	Sam	root	True		von	on 1. {#Sam#} und von 2. {#Sam#} Caus. — 2〉 m. N. pr. eines Sthavira der Jaina HEM. PAR. 1
110525	śaraṇākuru	SaraRAkuru	kuśa	kuSa	root	True		von	als Beiw. von {#kuSa#} wohl fehlerhaft.
110968	śaśayāna	SaSayAna	śī	SI	root	True		von	von 2. {#SI#}.
111077	śas	Sas	śaṃs	SaMs	root	True		von	{#Sasyate#} Passiv von {#SaMs#}.
111082	śasta	Sasta	śas	Sas	root	True		von	¦ Partic. von 1. {#Sas#}.
111083	śasta	Sasta	śās	SAs	root	True		von	(Partic. von 1. {#SAs#}) .
111378	śāṭya	SAwya	śaṭa	Sawa	root	True		von	
111391	śāṭhāyanya	SAWAyanya	śaṭha	SaWa	root	True		von	. Patron. von {#SaWa#}.
111585	śāpāyana	SApAyana	śapa	Sapa	root	True		von	. Patron. von {#Sapa#}.
111618	śāmam	SAmam	śam	Sam	root	True		von	*{#SAmam#}¦ Absol. von 2. {#Sam#}.
111779	śālaka	SAlaka	śāla	SAla	root	True		von	, *{#pIta˚#} und *{#priya˚#}.
111911	śālīya	SAlIya	śāla	SAla	root	True		von	1〉 Adj. von {#SAla#} und {#SAlA#}. — 2〉 m. N. pr. eines Lehrers.
112826	śiṣ	Siz	śī	SI	root	True		von	#hataSizwa#} Pl. so v. a.  {#hftasizwa#} Adj. so v. a. . — Caus. {#Sezayati#}, {#˚te#} (me
112855	śis	Sis	śās	SAs	root	True		von	{#Sis#} (√{#Siz#})¦ Nebenform von 1. {#SAs#} auch in Derivaten wie 1. {#ASi/s#} u. s. w.
113171	śukatā	SukatA	śuka	Suka	root	True	Papagei	von	m. abstr. von {#Suka#} .
113951	śṛṅkhala	SfNKala	śṛṅkhala	SfNKala	stem/word	False		Von	stimmen. — b〉 *. — 2〉 f. {#A#}  VĀMANA 4,1,5. — 3〉 *f. {#I#}  RĀJAN. 4,195.
114075	śeya	Seya	śī	SI	root	True		von	. impers. von 2. {#SI#}.
114157	śaighra	SEGra	phala	Pala	root	True		von	gänzung von {#Pala#} n. . — 2〉 n. .
114483	śaukeya	SOkeya	śuka	Suka	root	True		von	. Patron. von {#Suka#}.
114523	śauṇāyana	SORAyana	śoṇa	SoRa	root	True		von	. Patron. von {#SoRa#}.
114564	śaubhāyani	SOBAyani	śubha	SuBa	root	True		von	. Patron. von {#SuBa#}.
114577	śaurpa	SOrpa	śūrpa	SUrpa	root	True		von	*{#SOrpa#}¦ Adj. von {#SUrpa#}.
114580	śaurpika	SOrpika	śūrpa	SUrpa	root	True		von	*{#SOrpika#}¦ Adj. von {#SUrpa#}.
114597	śaulkika	SOlkika	śulka	Sulka	root	True		von	〉 *Adj. von {#Sulka#} {{PĀT. ‹zu.› P.->PAT.zuP.||20160105|Jim Funderburk.|https://github.c
114600	śaulba	SOlba	śulba	Sulba	root	True		von	{#SOlba#}¦ Adj. von {#Sulba#} 2〉a〉 Comm. zu ĀPAST. ŚR. 8,13,2. 11,4,13.
114625	ścyota	Scyota	ścyut	Scyut	root	True		von	von {#Scyut#}.
114667	śmasi	Smasi	vaś	vaS	root	True		von	{#uSmasi#} (von {#vaS#}).
114802	śrat	Srat	dhā	DA	root	True	Jmd gläubig machen	von	
114841	śram	Sram	śam	Sam	root	True		von	rati#} Caus. ({#˚SrAmayati#})  SADDH. P. 4,19. Vgl. 2. {#Sam#} mit {#prati#} Caus. — Mit {
114966	śrāpay	SrApay	śri	Sri	root	True		von	1〉 Caus. von 1. {#Sri#}. — 2〉 *künstliches Denomin. von {#Sra#} (wovon {#SreyaMs#}, {#Sre
114968	śrām	SrAm	śram	Sram	root	True		von	auch Caus. von 1. {#Sram#}.
115017	śrit	Srit	śri	Sri	root	True		von	{#˚Srit#}¦ (von 1. {#Sri#}) Adj.  in {#udDatiSrit#} so v. a.  ŚIŚ. 12,56
115034	śrīka	SrIka	śrī	SrI	root	True	Schönheit, Pracht und hohe —, fürstliche Stellung	von	on 5. {#SrI#} . — 2〉 m. — a〉 . — b〉 .
115224	śrīya	SrIya	śrī	SrI	root	True		von	*{#SrIya#}¦ Adj. von 5. {#SrI#}.
115303	śrīsraja	SrIsraja	śrī	SrI	root	True		von	ul. Comp. von 5. {#SrI#} und {#sraj#}.
116519	saṃyant	saMyant	i	i	root	True		von	#saMya/nt#}¦ Partic. von 3. {#i#} mit {#sam#}. f. {#˚yatI/#} (auch HEM. PAR. 2,286).
116583	saṃrājitar	saMrAjitar	rāj	rAj	root	True		von	MrAjitar#}¦ Nom. ag. von 1. {#rAj#} mit {#sam#}.
116800	saṃveṣṭana	saMvezwana	mur	mur	root	True		von	
116801	saṃvoḍhar	saMvoQar	vah	vah	root	True		von	saMvoQar#}¦ Nom. ag. von 1. {#vah#} mit {#sam#}.
117479	saṃkūṭana	saMkUwana	kūṭ	kUw	root	True		von	von {#kUw#} mit {#sam#} PAT. zu P. 3,3,44, Vārtt. 3.
117739	sac	sac	viṣa	viza	root	True		von	
117943	saṃjāta	saMjAta	jan	jan	root	True		von	on {#jan#} mit {#sam#}) . {#saMjAtalajja#} Adj. (f. {#A#}) so v. a.  297,19. — 2〉 m. Pl. N
119190	saṃnipatya	saMnipatya	pat	pat	root	True		von	saMnipatya#}¦ Absol. von 1. {#pat#} mit {#saMni#}, {#saMnipatyo pakAraka#} . {#saMnipatyak
119791	samakna	samakna	ac	ac	root	True		von	{#samakna#}¦ Partic. von {#ac#} mit {#sam#}.
119961	samaya	samaya	sthā	sTA	root	True	festsetzen, bestimmen;	von	. — 12〉 personificirt als ein Sohn Dharmaʼs VP. 21,111. — 13〉 N. pr. eines Verfassers von
120077	samavayasāya	samavayasAya	sā	sA	root	True		von	ya#} Absol. von 3. {#sA#} mit {#samava#}.
120099	samavāyana	samavAyana	i	i	root	True		von	von 3. {#i#} mit {#samava#}.
120243	samāna	samAna	as	as	root	True		von	
120904	saṃparcana	saMparcana	kuc	kuc	root	True		von	von {#kuc#} und {#ric#}.
120914	saṃpātay	saMpAtay	pat	pat	root	True		von	
120945	saṃpūjita	saMpUjita	pūj	pUj	root	True		von	on {#pUj#} mit {#sam#} Caus. — 2〉 m. N. pr. eines Buddha.
120967	saṃpeṣa	saMpeza	piṣ	piz	root	True		von	Nom. act von {#piz#} mit {#sam#}.
121676	sarva	sarva	api	api	root	True		von	Verbindung mit einem Adj.  und auch  —. — 2〉 m. — a〉 Bein. — α〉 Kṛṣṇaʼs. — β〉 Śivaʼs. — b〉
121845	sarvaduḥkhakṣaya	sarvaduHKakzaya	mokṣa	mokza	root	True	die letzte Erlösung	von	.
122536	savitra	savitra	sū	sU	root	True		von	a#}¦ n. {#karaRe#} von {#sU#}.
122938	sahamāna	sahamAna	sah	sah	root	True		von	〉 Partic. von 1. {#sah#} — 2〉 f. {#A#} — a〉 . — b〉 .
123283	sahitar	sahitar	sah	sah	root	True		von	#sahitar#}¦ Nom. ag. von 1. {#sah#} Vgl. {#soQar#}.
123288	sahitra	sahitra	sah	sah	root	True		von	*{#sahitra#}¦ n. von 1. {#sah#} {#karaRe#}.
123428	sākalāyana	sAkalAyana	sakala	sakala	root	True		von	sAkalAyana#}¦ Adj. von {#sakala#}.
123450	sākṣ	sAkz	sah	sah	root	True		von	Erklärung von {#prasAkzate#} (von 1. {#sah#}).
123635	sāḍha	sAQa	sah	sah	root	True		von	{#sAQa/#}¦ Partic. von 1. {#sah#}.
123638	sāḍhvā	sAQvA	sah	sah	root	True		von	*{#sAQvA#}¦ Absol. von 1. {#sah#}.
123755	sādhay	sADay	sādh	sAD	root	True		von	1〉 Caus. von 1. {#sAD#}. — 2〉 Denomin. von {#sADu#}.
124240	sāmbi	sAmbi	sāmba	sAmba	root	True		von	. Patron. von {#sAmba#}.
124485	sārin	sArin	sāra	sAra	root	True		von	2. {#sArin#}¦ (von 2. {#sAra#}) in {#trARa˚#}.
124779	sāhaya	sAhaya	sah	sah	root	True		von	von Caus. von 1. {#sah#}.
124970	sikta	sikta	sic	sic	root	True		von	on 2. {#sic#}. — 2〉 *f. {#A#} = {#sikatA#} 1〉 RĀJAN. 13,139.
126684	sunvant	sunvant	su	su	root	True		von	on 1. {#su#}. — 2〉 m. — a〉  Soma- ŚIŚ. 14,52. — b〉 N. pr. eines Sohnes des Sumantu.
128685	sūta	sUta	sū	sU	root	True		von	¦ Partic. von 1. {#sU#}.
128686	sūta	sUta	sū	sU	root	True		von	on 3. {#sU#}. — 2〉 m.  RĀJAN. 13,10. — 3〉 f. {#sUtA#}  fehlerhaft für {#sutA#}.
128823	sūditar	sUditar	sūda	sUda	root	True		von	#sUditar#}¦ Nom. ag. von 1. {#sUda#}.
129173	se	se	as	as	root	True		von	von 1. {#as#}.
129287	sev	sev	juṣ	juz	root	True		von	am#} — 1〉  zur Erklärung von {#sac#}. — 2〉 = Simpl. 2〉a〉 b〉 (auch so v. a. ), c〉 d〉 e〉 und
129831	saukha	sOKa	sukha	suKa	root	True		von	. Patron. von {#suKa#}.
129840	saukhīya	sOKIya	sukha	suKa	root	True		von	*{#sOKIya#}¦ Adj. von {#suKa#}.
130117	saurya	sOrya	sūra	sUra	root	True		von	Stadt. Vgl. {#SOrya#}.
130228	skad	skad	skanda	skanda	root	True		von	m Gefühle). — Mit {#aByava#} — 1〉 . — 2〉  (Acc.) . — Mit {#paryava#} in {#paryavaskanda#}.
130326	skāndāyanya	skAndAyanya	skanda	skanda	root	True		von	. Patron. von {#skanda#}.
130330	skāmbhāyanya	skAmBAyanya	skambha	skamBa	root	True		von	. Patron. von {#skamBa#}.
130507	stāmbhāyanya	stAmBAyanya	stambha	stamBa	root	True		von	. Patron. von {#stamBa#}.
130653	strīka	strIka	strī	strI	root	True		von	nde eines adj. Comp. von {#strI#}.
130856	sthalīya	sTalIya	sthala	sTala	root	True	Fall	von	{#sTalIya#}¦ Adj. von {#sTala#}  in {#uddeSyaviDeyaboDasTalIyavicAra#}.
130967	sthāyika	sTAyika	sthā	sTA	root	True		von	
131249	sthaulaka	sTOlaka	sthūla	sTUla	root	True		von	*{#sTOlaka#}¦ Adj. von {#sTUla#}.
131274	snātvī	snAtvI	snā	snA	root	True		von	Absol. von 1. {#snA#} P. 7,1,49.
131628	sphauṭāyana	sPOwAyana	sphuṭa	sPuwa	root	True		von	. Patron. von {#sPuwa#}.
131706	smahe	smahe	as	as	root	True		von	d. von 1. {#as#} MBH. 13,1,13.
131787	syāt	syAt	as	as	root	True		von	t. von 1. {#as#}) . Die dialektische Skeptik der Jaina kennt folgende 7 Formeln der Skepti
131792	syāmahe	syAmahe	as	as	root	True		von	{#as#} HARIV. 7973.
132127	svan	svan	svan	svan	root	True	rauschend,	von	t {#ava#} — 1〉 . — 2〉 *{#avazvaRati#} — a〉 . — b〉 . — Mit {#A#} . *{#Asvanita#} und *{#Asv
132413	svar	svar	svara	svara	root	True		von	#sisvarizati#} und {#susvUrzati#} — *Intens. {#sAsvaryate#}. — Mit {#ati#} . — Mit {#anu#}
132491	svarita	svarita	svar	svar	root	True		von	#}. — 2〉 m. n.  Svarita-.
133033	svāni	svAni	svana	svana	root	True		von	*{#svAni#}¦ Adj. von {#svana#}.
133040	svānta	svAnta	svan	svan	root	True		von	
133050	svāpay	svApay	svap	svap	root	True		von	1〉 Caus. von 1. {#svap#}; s. daselbst. — 2〉 *Denomin. von {#sva#}.
133112	svārāyaṇa	svArAyaRa	svara	svara	root	True		von	. Patron. von {#svara#}.
133503	hanyamāna	hanyamAna	han	han	root	True		von	an#}. — 2〉 m. Pl. N. pr. eines Volkes MBH. 6,9,69. v. l. {#haMsamArga#}.
134151	hasantī	hasantI	has	has	root	True		von	#}. — 2〉 f. — a〉 [Page7-266-b] *. — b〉 *. — c〉 *. — d〉 N. pr. eines Flusses, = {#hasanI#}
134373	hāna	hAna	hā	hA	root	True		von	¦ Partic. von 1. {#hA#}.
134600	hita	hita	dhā	DA	root	True		von	1. {#hita/#}¦ (von 1. {#DA#}) — 1〉 Adj. (f. {#A/#}) — a〉  (Loc.);  (Loc.). {#ra/Te#} s
135255	he	he	as	as	root	True		von	#as#}.
135531	hoḍiman	hoqiman	hoḍa	hoqa	root	True		von	m. abstr. von {#hoqa#}.
135626	hauḍa	hOqa	hoḍa	hoqa	root	True		von	m. abstr. von {#hoqa#}.
135740	hrep	hrep	hrī	hrI	root	True		von	s. u. Caus. von 1. {#hrI#}.
201997	atikrame	atikrame	kram	kram	root	True		von	¦ Dat. Inf. von {#kram#} mit {#ati#} ṚV.
202792	upoti	upoti	av	av	root	True		von	#} mit {#upa#}, aber wohl fehlerhaft für {#u/pe/ti#} ({#u/pa#} + {#i/ti#}).
203665	anvavapātos	anvavapAtos	pā	pA	root	True	trinken	von	¦ Gen. Inf. von 1. {#pA#}  mit {#anvava#} ŚĀṄKH. BR. 10,2. 17,9.
203813	abhipīta	aBipIta	pā	pA	root	True		von	{#aBipIta#}¦ Partic. von 1. {#pA#} mit {#aBi#}. Nom. abstr. {#˚tva#} n.  (Instr.) [Page3-2
205307	arantos	arantos	ram	ram	root	True		von	Gen. Infin. von {#ram#} mit {#a#} priv. {#ISvaro hAsya vitte devA arantoH#}  AIT. BR. 3,48
205334	avarudham	avaruDam	rudh	ruD	root	True		von	a#}.
205426	īlay	Ilay	īr	Ir	root	True		von	
205942	prametos	prametos	mī	mI	root	True		von	) Gen. Inf. von 1. {#mI#} mit {#pra#}  TBR. 1,3,10,10.
206794	āpi	Api	pī	pI	root	True		von	2. {#Api/#}¦ (von {#pI#}) Adj.  ṚV. 5,53,2.
207387	dakṣat	dakzat	dah	dah	root	True		von	¦ (Partic. vom Desid von 1. {#dah#})  ṚV. 1,130,8. 2,4,7. 10,91,7.
208625	āpravaṇa	ApravaRa	sku	sku	root	True		von	als Bed. von {#sku#} DHĀTUP. 31,6.
208948	tatsthāna	tatsTAna	sthā	sTA	root	True		von	
209206	baidāyana	bEdAyana	bida	bida	root	True		von	. Patron. von {#bida#} gaṇa {#aSvAdi#}. Fehlerhaft {#vedAyana#} Verz. d. B. H. 58,36.
209385	vihāpita	vihApita	hā	hA	root	True		von	. Partic. von 2. {#hA#} mit {#vi#} Caus. — 2〉 n. .
210363	attvāya	attvAya	ad	ad	root	True		von	{#attvA/ya#}¦ Absol. von 1. {#ad#} MAITR. S. 1,8,5 (121,20). Man könnte {#sadattvA/ya#} st
217530	jāḍāyana	jAqAyana	jaḍa	jaqa	root	True		von	. Patron. von {#jaqa#}.
221050	vārin	vArin	vāri	vAri	root	True	Wasser	von	nde eines adj. Comp. von {#vAri#}  R. ed. Bomb. 4,41,17.
